ISO-10303-21;
HEADER;
/* Generated by software containing ST-Developer
 * from STEP Tools, Inc. (www.steptools.com) 
 */

FILE_DESCRIPTION(
/* description */ (''),
/* implementation_level */ '2;1');

FILE_NAME(
/* name */ 'CASE.step',
/* time_stamp */ '2026-09-07T01:03:04-05:00',
/* author */ (''),
/* organization */ (''),
/* preprocessor_version */ 'ST-DEVELOPER v20.2',
/* originating_system */ 'Autodesk Translation Framework v15.15.0.0',
/* authorisation */ '');

FILE_SCHEMA (('AUTOMOTIVE_DESIGN { 1 0 10303 214 3 1 1 }'));
ENDSEC;

DATA;
#10=MECHANICAL_DESIGN_GEOMETRIC_PRESENTATION_REPRESENTATION('',(#13,#14,
#15),#2565);
#11=SHAPE_REPRESENTATION_RELATIONSHIP('SRR','None',#2572,#12);
#12=ADVANCED_BREP_SHAPE_REPRESENTATION('',(#16,#17,#18),#2564);
#13=STYLED_ITEM('',(#2581),#16);
#14=STYLED_ITEM('',(#2581),#17);
#15=STYLED_ITEM('',(#2581),#18);
#16=MANIFOLD_SOLID_BREP('Body3',#1623);
#17=MANIFOLD_SOLID_BREP('Body4',#1624);
#18=MANIFOLD_SOLID_BREP('Body5',#1625);
#19=FACE_BOUND('',#262,.T.);
#20=FACE_BOUND('',#263,.T.);
#21=FACE_BOUND('',#264,.T.);
#22=FACE_BOUND('',#265,.T.);
#23=FACE_BOUND('',#266,.T.);
#24=FACE_BOUND('',#267,.T.);
#25=FACE_BOUND('',#268,.T.);
#26=FACE_BOUND('',#269,.T.);
#27=FACE_BOUND('',#270,.T.);
#28=FACE_BOUND('',#271,.T.);
#29=FACE_BOUND('',#272,.T.);
#30=FACE_BOUND('',#273,.T.);
#31=FACE_BOUND('',#274,.T.);
#32=FACE_BOUND('',#275,.T.);
#33=FACE_BOUND('',#276,.T.);
#34=FACE_BOUND('',#278,.T.);
#35=FACE_BOUND('',#279,.T.);
#36=FACE_BOUND('',#280,.T.);
#37=FACE_BOUND('',#281,.T.);
#38=FACE_BOUND('',#282,.T.);
#39=FACE_BOUND('',#283,.T.);
#40=FACE_BOUND('',#284,.T.);
#41=FACE_BOUND('',#285,.T.);
#42=FACE_BOUND('',#286,.T.);
#43=FACE_BOUND('',#287,.T.);
#44=FACE_BOUND('',#288,.T.);
#45=FACE_BOUND('',#289,.T.);
#46=FACE_BOUND('',#290,.T.);
#47=FACE_BOUND('',#291,.T.);
#48=FACE_BOUND('',#292,.T.);
#49=FACE_BOUND('',#303,.T.);
#50=FACE_BOUND('',#308,.T.);
#51=FACE_BOUND('',#312,.T.);
#52=FACE_BOUND('',#313,.T.);
#53=FACE_BOUND('',#314,.T.);
#54=FACE_BOUND('',#315,.T.);
#55=FACE_BOUND('',#316,.T.);
#56=FACE_BOUND('',#318,.T.);
#57=FACE_BOUND('',#319,.T.);
#58=FACE_BOUND('',#320,.T.);
#59=FACE_BOUND('',#321,.T.);
#60=FACE_BOUND('',#322,.T.);
#61=PLANE('',#1651);
#62=PLANE('',#1652);
#63=PLANE('',#1653);
#64=PLANE('',#1654);
#65=PLANE('',#1655);
#66=PLANE('',#1656);
#67=PLANE('',#1657);
#68=PLANE('',#1658);
#69=PLANE('',#1659);
#70=PLANE('',#1660);
#71=PLANE('',#1661);
#72=PLANE('',#1662);
#73=PLANE('',#1663);
#74=PLANE('',#1664);
#75=PLANE('',#1665);
#76=PLANE('',#1666);
#77=PLANE('',#1667);
#78=PLANE('',#1668);
#79=PLANE('',#1669);
#80=PLANE('',#1670);
#81=PLANE('',#1671);
#82=PLANE('',#1672);
#83=PLANE('',#1673);
#84=PLANE('',#1674);
#85=PLANE('',#1675);
#86=PLANE('',#1676);
#87=PLANE('',#1677);
#88=PLANE('',#1678);
#89=PLANE('',#1679);
#90=PLANE('',#1680);
#91=PLANE('',#1681);
#92=PLANE('',#1682);
#93=PLANE('',#1683);
#94=PLANE('',#1684);
#95=PLANE('',#1685);
#96=PLANE('',#1686);
#97=PLANE('',#1687);
#98=PLANE('',#1688);
#99=PLANE('',#1689);
#100=PLANE('',#1690);
#101=PLANE('',#1691);
#102=PLANE('',#1692);
#103=PLANE('',#1693);
#104=PLANE('',#1694);
#105=PLANE('',#1695);
#106=PLANE('',#1696);
#107=PLANE('',#1697);
#108=PLANE('',#1698);
#109=PLANE('',#1699);
#110=PLANE('',#1700);
#111=PLANE('',#1701);
#112=PLANE('',#1702);
#113=PLANE('',#1703);
#114=PLANE('',#1704);
#115=PLANE('',#1717);
#116=PLANE('',#1718);
#117=PLANE('',#1719);
#118=PLANE('',#1720);
#119=PLANE('',#1721);
#120=PLANE('',#1722);
#121=PLANE('',#1723);
#122=PLANE('',#1724);
#123=PLANE('',#1725);
#124=PLANE('',#1726);
#125=PLANE('',#1727);
#126=PLANE('',#1728);
#127=PLANE('',#1729);
#128=PLANE('',#1730);
#129=PLANE('',#1731);
#130=PLANE('',#1732);
#131=FACE_OUTER_BOUND('',#209,.T.);
#132=FACE_OUTER_BOUND('',#210,.T.);
#133=FACE_OUTER_BOUND('',#211,.T.);
#134=FACE_OUTER_BOUND('',#212,.T.);
#135=FACE_OUTER_BOUND('',#213,.T.);
#136=FACE_OUTER_BOUND('',#214,.T.);
#137=FACE_OUTER_BOUND('',#215,.T.);
#138=FACE_OUTER_BOUND('',#216,.T.);
#139=FACE_OUTER_BOUND('',#217,.T.);
#140=FACE_OUTER_BOUND('',#218,.T.);
#141=FACE_OUTER_BOUND('',#219,.T.);
#142=FACE_OUTER_BOUND('',#220,.T.);
#143=FACE_OUTER_BOUND('',#221,.T.);
#144=FACE_OUTER_BOUND('',#222,.T.);
#145=FACE_OUTER_BOUND('',#223,.T.);
#146=FACE_OUTER_BOUND('',#224,.T.);
#147=FACE_OUTER_BOUND('',#225,.T.);
#148=FACE_OUTER_BOUND('',#226,.T.);
#149=FACE_OUTER_BOUND('',#227,.T.);
#150=FACE_OUTER_BOUND('',#228,.T.);
#151=FACE_OUTER_BOUND('',#229,.T.);
#152=FACE_OUTER_BOUND('',#230,.T.);
#153=FACE_OUTER_BOUND('',#231,.T.);
#154=FACE_OUTER_BOUND('',#232,.T.);
#155=FACE_OUTER_BOUND('',#233,.T.);
#156=FACE_OUTER_BOUND('',#234,.T.);
#157=FACE_OUTER_BOUND('',#235,.T.);
#158=FACE_OUTER_BOUND('',#236,.T.);
#159=FACE_OUTER_BOUND('',#237,.T.);
#160=FACE_OUTER_BOUND('',#238,.T.);
#161=FACE_OUTER_BOUND('',#239,.T.);
#162=FACE_OUTER_BOUND('',#240,.T.);
#163=FACE_OUTER_BOUND('',#241,.T.);
#164=FACE_OUTER_BOUND('',#242,.T.);
#165=FACE_OUTER_BOUND('',#243,.T.);
#166=FACE_OUTER_BOUND('',#244,.T.);
#167=FACE_OUTER_BOUND('',#245,.T.);
#168=FACE_OUTER_BOUND('',#246,.T.);
#169=FACE_OUTER_BOUND('',#247,.T.);
#170=FACE_OUTER_BOUND('',#248,.T.);
#171=FACE_OUTER_BOUND('',#249,.T.);
#172=FACE_OUTER_BOUND('',#250,.T.);
#173=FACE_OUTER_BOUND('',#251,.T.);
#174=FACE_OUTER_BOUND('',#252,.T.);
#175=FACE_OUTER_BOUND('',#253,.T.);
#176=FACE_OUTER_BOUND('',#254,.T.);
#177=FACE_OUTER_BOUND('',#255,.T.);
#178=FACE_OUTER_BOUND('',#256,.T.);
#179=FACE_OUTER_BOUND('',#257,.T.);
#180=FACE_OUTER_BOUND('',#258,.T.);
#181=FACE_OUTER_BOUND('',#259,.T.);
#182=FACE_OUTER_BOUND('',#260,.T.);
#183=FACE_OUTER_BOUND('',#261,.T.);
#184=FACE_OUTER_BOUND('',#277,.T.);
#185=FACE_OUTER_BOUND('',#293,.T.);
#186=FACE_OUTER_BOUND('',#294,.T.);
#187=FACE_OUTER_BOUND('',#295,.T.);
#188=FACE_OUTER_BOUND('',#296,.T.);
#189=FACE_OUTER_BOUND('',#297,.T.);
#190=FACE_OUTER_BOUND('',#298,.T.);
#191=FACE_OUTER_BOUND('',#299,.T.);
#192=FACE_OUTER_BOUND('',#300,.T.);
#193=FACE_OUTER_BOUND('',#301,.T.);
#194=FACE_OUTER_BOUND('',#302,.T.);
#195=FACE_OUTER_BOUND('',#304,.T.);
#196=FACE_OUTER_BOUND('',#305,.T.);
#197=FACE_OUTER_BOUND('',#306,.T.);
#198=FACE_OUTER_BOUND('',#307,.T.);
#199=FACE_OUTER_BOUND('',#309,.T.);
#200=FACE_OUTER_BOUND('',#310,.T.);
#201=FACE_OUTER_BOUND('',#311,.T.);
#202=FACE_OUTER_BOUND('',#317,.T.);
#203=FACE_OUTER_BOUND('',#323,.T.);
#204=FACE_OUTER_BOUND('',#324,.T.);
#205=FACE_OUTER_BOUND('',#325,.T.);
#206=FACE_OUTER_BOUND('',#326,.T.);
#207=FACE_OUTER_BOUND('',#327,.T.);
#208=FACE_OUTER_BOUND('',#328,.T.);
#209=EDGE_LOOP('',(#1105,#1106,#1107,#1108));
#210=EDGE_LOOP('',(#1109,#1110,#1111,#1112));
#211=EDGE_LOOP('',(#1113,#1114,#1115,#1116));
#212=EDGE_LOOP('',(#1117,#1118,#1119,#1120));
#213=EDGE_LOOP('',(#1121,#1122,#1123,#1124));
#214=EDGE_LOOP('',(#1125,#1126,#1127,#1128));
#215=EDGE_LOOP('',(#1129,#1130,#1131,#1132));
#216=EDGE_LOOP('',(#1133,#1134,#1135,#1136));
#217=EDGE_LOOP('',(#1137,#1138,#1139,#1140));
#218=EDGE_LOOP('',(#1141,#1142,#1143,#1144));
#219=EDGE_LOOP('',(#1145,#1146,#1147,#1148));
#220=EDGE_LOOP('',(#1149,#1150,#1151,#1152));
#221=EDGE_LOOP('',(#1153,#1154,#1155,#1156));
#222=EDGE_LOOP('',(#1157,#1158,#1159,#1160));
#223=EDGE_LOOP('',(#1161,#1162,#1163,#1164));
#224=EDGE_LOOP('',(#1165,#1166,#1167,#1168));
#225=EDGE_LOOP('',(#1169,#1170,#1171,#1172));
#226=EDGE_LOOP('',(#1173,#1174,#1175,#1176));
#227=EDGE_LOOP('',(#1177,#1178,#1179,#1180));
#228=EDGE_LOOP('',(#1181,#1182,#1183,#1184));
#229=EDGE_LOOP('',(#1185,#1186,#1187,#1188));
#230=EDGE_LOOP('',(#1189,#1190,#1191,#1192));
#231=EDGE_LOOP('',(#1193,#1194,#1195,#1196));
#232=EDGE_LOOP('',(#1197,#1198,#1199,#1200));
#233=EDGE_LOOP('',(#1201,#1202,#1203,#1204));
#234=EDGE_LOOP('',(#1205,#1206,#1207,#1208));
#235=EDGE_LOOP('',(#1209,#1210,#1211,#1212));
#236=EDGE_LOOP('',(#1213,#1214,#1215,#1216));
#237=EDGE_LOOP('',(#1217,#1218,#1219,#1220));
#238=EDGE_LOOP('',(#1221,#1222,#1223,#1224));
#239=EDGE_LOOP('',(#1225,#1226,#1227,#1228));
#240=EDGE_LOOP('',(#1229,#1230,#1231,#1232));
#241=EDGE_LOOP('',(#1233,#1234,#1235,#1236));
#242=EDGE_LOOP('',(#1237,#1238,#1239,#1240));
#243=EDGE_LOOP('',(#1241,#1242,#1243,#1244));
#244=EDGE_LOOP('',(#1245,#1246,#1247,#1248));
#245=EDGE_LOOP('',(#1249,#1250,#1251,#1252));
#246=EDGE_LOOP('',(#1253,#1254,#1255,#1256));
#247=EDGE_LOOP('',(#1257,#1258,#1259,#1260));
#248=EDGE_LOOP('',(#1261,#1262,#1263,#1264));
#249=EDGE_LOOP('',(#1265,#1266,#1267,#1268));
#250=EDGE_LOOP('',(#1269,#1270,#1271,#1272));
#251=EDGE_LOOP('',(#1273,#1274,#1275,#1276));
#252=EDGE_LOOP('',(#1277,#1278,#1279,#1280));
#253=EDGE_LOOP('',(#1281,#1282,#1283,#1284));
#254=EDGE_LOOP('',(#1285,#1286,#1287,#1288));
#255=EDGE_LOOP('',(#1289,#1290,#1291,#1292));
#256=EDGE_LOOP('',(#1293,#1294,#1295,#1296));
#257=EDGE_LOOP('',(#1297,#1298,#1299,#1300));
#258=EDGE_LOOP('',(#1301,#1302,#1303,#1304));
#259=EDGE_LOOP('',(#1305,#1306,#1307,#1308));
#260=EDGE_LOOP('',(#1309,#1310,#1311,#1312));
#261=EDGE_LOOP('',(#1313,#1314,#1315,#1316));
#262=EDGE_LOOP('',(#1317,#1318,#1319,#1320));
#263=EDGE_LOOP('',(#1321,#1322,#1323,#1324));
#264=EDGE_LOOP('',(#1325,#1326,#1327,#1328));
#265=EDGE_LOOP('',(#1329,#1330,#1331,#1332));
#266=EDGE_LOOP('',(#1333,#1334,#1335,#1336));
#267=EDGE_LOOP('',(#1337,#1338,#1339,#1340));
#268=EDGE_LOOP('',(#1341,#1342,#1343,#1344));
#269=EDGE_LOOP('',(#1345,#1346,#1347,#1348));
#270=EDGE_LOOP('',(#1349,#1350,#1351,#1352));
#271=EDGE_LOOP('',(#1353,#1354,#1355,#1356));
#272=EDGE_LOOP('',(#1357,#1358,#1359,#1360));
#273=EDGE_LOOP('',(#1361));
#274=EDGE_LOOP('',(#1362));
#275=EDGE_LOOP('',(#1363));
#276=EDGE_LOOP('',(#1364));
#277=EDGE_LOOP('',(#1365,#1366,#1367,#1368));
#278=EDGE_LOOP('',(#1369,#1370,#1371,#1372));
#279=EDGE_LOOP('',(#1373,#1374,#1375,#1376));
#280=EDGE_LOOP('',(#1377,#1378,#1379,#1380));
#281=EDGE_LOOP('',(#1381,#1382,#1383,#1384));
#282=EDGE_LOOP('',(#1385,#1386,#1387,#1388));
#283=EDGE_LOOP('',(#1389,#1390,#1391,#1392));
#284=EDGE_LOOP('',(#1393,#1394,#1395,#1396));
#285=EDGE_LOOP('',(#1397,#1398,#1399,#1400));
#286=EDGE_LOOP('',(#1401,#1402,#1403,#1404));
#287=EDGE_LOOP('',(#1405,#1406,#1407,#1408));
#288=EDGE_LOOP('',(#1409,#1410,#1411,#1412));
#289=EDGE_LOOP('',(#1413));
#290=EDGE_LOOP('',(#1414));
#291=EDGE_LOOP('',(#1415));
#292=EDGE_LOOP('',(#1416));
#293=EDGE_LOOP('',(#1417,#1418,#1419,#1420));
#294=EDGE_LOOP('',(#1421,#1422,#1423,#1424));
#295=EDGE_LOOP('',(#1425,#1426,#1427,#1428));
#296=EDGE_LOOP('',(#1429,#1430,#1431,#1432));
#297=EDGE_LOOP('',(#1433,#1434,#1435,#1436));
#298=EDGE_LOOP('',(#1437,#1438,#1439,#1440));
#299=EDGE_LOOP('',(#1441,#1442,#1443,#1444));
#300=EDGE_LOOP('',(#1445,#1446,#1447,#1448));
#301=EDGE_LOOP('',(#1449,#1450,#1451,#1452));
#302=EDGE_LOOP('',(#1453,#1454,#1455,#1456));
#303=EDGE_LOOP('',(#1457,#1458,#1459,#1460));
#304=EDGE_LOOP('',(#1461,#1462,#1463,#1464));
#305=EDGE_LOOP('',(#1465,#1466,#1467,#1468));
#306=EDGE_LOOP('',(#1469,#1470,#1471,#1472));
#307=EDGE_LOOP('',(#1473,#1474,#1475,#1476));
#308=EDGE_LOOP('',(#1477,#1478,#1479,#1480));
#309=EDGE_LOOP('',(#1481,#1482,#1483,#1484));
#310=EDGE_LOOP('',(#1485,#1486,#1487,#1488));
#311=EDGE_LOOP('',(#1489,#1490,#1491,#1492));
#312=EDGE_LOOP('',(#1493,#1494,#1495,#1496));
#313=EDGE_LOOP('',(#1497));
#314=EDGE_LOOP('',(#1498));
#315=EDGE_LOOP('',(#1499));
#316=EDGE_LOOP('',(#1500));
#317=EDGE_LOOP('',(#1501,#1502,#1503,#1504));
#318=EDGE_LOOP('',(#1505,#1506,#1507,#1508));
#319=EDGE_LOOP('',(#1509));
#320=EDGE_LOOP('',(#1510));
#321=EDGE_LOOP('',(#1511));
#322=EDGE_LOOP('',(#1512));
#323=EDGE_LOOP('',(#1513,#1514,#1515,#1516));
#324=EDGE_LOOP('',(#1517,#1518,#1519,#1520));
#325=EDGE_LOOP('',(#1521,#1522,#1523,#1524));
#326=EDGE_LOOP('',(#1525,#1526,#1527,#1528));
#327=EDGE_LOOP('',(#1529,#1530,#1531,#1532));
#328=EDGE_LOOP('',(#1533,#1534,#1535,#1536));
#329=LINE('',#2128,#529);
#330=LINE('',#2134,#530);
#331=LINE('',#2140,#531);
#332=LINE('',#2146,#532);
#333=LINE('',#2151,#533);
#334=LINE('',#2153,#534);
#335=LINE('',#2155,#535);
#336=LINE('',#2156,#536);
#337=LINE('',#2159,#537);
#338=LINE('',#2161,#538);
#339=LINE('',#2162,#539);
#340=LINE('',#2165,#540);
#341=LINE('',#2167,#541);
#342=LINE('',#2168,#542);
#343=LINE('',#2170,#543);
#344=LINE('',#2171,#544);
#345=LINE('',#2175,#545);
#346=LINE('',#2177,#546);
#347=LINE('',#2179,#547);
#348=LINE('',#2180,#548);
#349=LINE('',#2183,#549);
#350=LINE('',#2185,#550);
#351=LINE('',#2186,#551);
#352=LINE('',#2189,#552);
#353=LINE('',#2191,#553);
#354=LINE('',#2192,#554);
#355=LINE('',#2194,#555);
#356=LINE('',#2195,#556);
#357=LINE('',#2199,#557);
#358=LINE('',#2201,#558);
#359=LINE('',#2203,#559);
#360=LINE('',#2204,#560);
#361=LINE('',#2207,#561);
#362=LINE('',#2209,#562);
#363=LINE('',#2210,#563);
#364=LINE('',#2213,#564);
#365=LINE('',#2215,#565);
#366=LINE('',#2216,#566);
#367=LINE('',#2218,#567);
#368=LINE('',#2219,#568);
#369=LINE('',#2223,#569);
#370=LINE('',#2225,#570);
#371=LINE('',#2227,#571);
#372=LINE('',#2228,#572);
#373=LINE('',#2231,#573);
#374=LINE('',#2233,#574);
#375=LINE('',#2234,#575);
#376=LINE('',#2237,#576);
#377=LINE('',#2239,#577);
#378=LINE('',#2240,#578);
#379=LINE('',#2242,#579);
#380=LINE('',#2243,#580);
#381=LINE('',#2247,#581);
#382=LINE('',#2249,#582);
#383=LINE('',#2251,#583);
#384=LINE('',#2252,#584);
#385=LINE('',#2255,#585);
#386=LINE('',#2257,#586);
#387=LINE('',#2258,#587);
#388=LINE('',#2261,#588);
#389=LINE('',#2263,#589);
#390=LINE('',#2264,#590);
#391=LINE('',#2266,#591);
#392=LINE('',#2267,#592);
#393=LINE('',#2271,#593);
#394=LINE('',#2273,#594);
#395=LINE('',#2275,#595);
#396=LINE('',#2276,#596);
#397=LINE('',#2279,#597);
#398=LINE('',#2281,#598);
#399=LINE('',#2282,#599);
#400=LINE('',#2285,#600);
#401=LINE('',#2287,#601);
#402=LINE('',#2288,#602);
#403=LINE('',#2290,#603);
#404=LINE('',#2291,#604);
#405=LINE('',#2295,#605);
#406=LINE('',#2297,#606);
#407=LINE('',#2299,#607);
#408=LINE('',#2300,#608);
#409=LINE('',#2303,#609);
#410=LINE('',#2305,#610);
#411=LINE('',#2306,#611);
#412=LINE('',#2309,#612);
#413=LINE('',#2311,#613);
#414=LINE('',#2312,#614);
#415=LINE('',#2314,#615);
#416=LINE('',#2315,#616);
#417=LINE('',#2319,#617);
#418=LINE('',#2321,#618);
#419=LINE('',#2323,#619);
#420=LINE('',#2324,#620);
#421=LINE('',#2327,#621);
#422=LINE('',#2329,#622);
#423=LINE('',#2330,#623);
#424=LINE('',#2333,#624);
#425=LINE('',#2335,#625);
#426=LINE('',#2336,#626);
#427=LINE('',#2338,#627);
#428=LINE('',#2339,#628);
#429=LINE('',#2343,#629);
#430=LINE('',#2345,#630);
#431=LINE('',#2347,#631);
#432=LINE('',#2348,#632);
#433=LINE('',#2351,#633);
#434=LINE('',#2353,#634);
#435=LINE('',#2354,#635);
#436=LINE('',#2357,#636);
#437=LINE('',#2359,#637);
#438=LINE('',#2360,#638);
#439=LINE('',#2362,#639);
#440=LINE('',#2363,#640);
#441=LINE('',#2367,#641);
#442=LINE('',#2369,#642);
#443=LINE('',#2371,#643);
#444=LINE('',#2372,#644);
#445=LINE('',#2375,#645);
#446=LINE('',#2377,#646);
#447=LINE('',#2378,#647);
#448=LINE('',#2381,#648);
#449=LINE('',#2383,#649);
#450=LINE('',#2384,#650);
#451=LINE('',#2386,#651);
#452=LINE('',#2387,#652);
#453=LINE('',#2391,#653);
#454=LINE('',#2393,#654);
#455=LINE('',#2395,#655);
#456=LINE('',#2396,#656);
#457=LINE('',#2399,#657);
#458=LINE('',#2401,#658);
#459=LINE('',#2402,#659);
#460=LINE('',#2405,#660);
#461=LINE('',#2407,#661);
#462=LINE('',#2408,#662);
#463=LINE('',#2410,#663);
#464=LINE('',#2411,#664);
#465=LINE('',#2415,#665);
#466=LINE('',#2417,#666);
#467=LINE('',#2419,#667);
#468=LINE('',#2420,#668);
#469=LINE('',#2423,#669);
#470=LINE('',#2425,#670);
#471=LINE('',#2426,#671);
#472=LINE('',#2429,#672);
#473=LINE('',#2431,#673);
#474=LINE('',#2432,#674);
#475=LINE('',#2434,#675);
#476=LINE('',#2435,#676);
#477=LINE('',#2441,#677);
#478=LINE('',#2443,#678);
#479=LINE('',#2445,#679);
#480=LINE('',#2446,#680);
#481=LINE('',#2449,#681);
#482=LINE('',#2451,#682);
#483=LINE('',#2452,#683);
#484=LINE('',#2455,#684);
#485=LINE('',#2457,#685);
#486=LINE('',#2458,#686);
#487=LINE('',#2460,#687);
#488=LINE('',#2461,#688);
#489=LINE('',#2466,#689);
#490=LINE('',#2472,#690);
#491=LINE('',#2478,#691);
#492=LINE('',#2484,#692);
#493=LINE('',#2489,#693);
#494=LINE('',#2491,#694);
#495=LINE('',#2493,#695);
#496=LINE('',#2494,#696);
#497=LINE('',#2497,#697);
#498=LINE('',#2499,#698);
#499=LINE('',#2500,#699);
#500=LINE('',#2503,#700);
#501=LINE('',#2505,#701);
#502=LINE('',#2506,#702);
#503=LINE('',#2508,#703);
#504=LINE('',#2509,#704);
#505=LINE('',#2513,#705);
#506=LINE('',#2515,#706);
#507=LINE('',#2517,#707);
#508=LINE('',#2518,#708);
#509=LINE('',#2521,#709);
#510=LINE('',#2523,#710);
#511=LINE('',#2524,#711);
#512=LINE('',#2527,#712);
#513=LINE('',#2529,#713);
#514=LINE('',#2530,#714);
#515=LINE('',#2532,#715);
#516=LINE('',#2533,#716);
#517=LINE('',#2539,#717);
#518=LINE('',#2541,#718);
#519=LINE('',#2543,#719);
#520=LINE('',#2544,#720);
#521=LINE('',#2547,#721);
#522=LINE('',#2549,#722);
#523=LINE('',#2550,#723);
#524=LINE('',#2553,#724);
#525=LINE('',#2555,#725);
#526=LINE('',#2556,#726);
#527=LINE('',#2558,#727);
#528=LINE('',#2559,#728);
#529=VECTOR('',#1739,1.45);
#530=VECTOR('',#1746,1.45);
#531=VECTOR('',#1753,1.45);
#532=VECTOR('',#1760,1.45);
#533=VECTOR('',#1765,10.);
#534=VECTOR('',#1766,10.);
#535=VECTOR('',#1767,10.);
#536=VECTOR('',#1768,10.);
#537=VECTOR('',#1771,10.);
#538=VECTOR('',#1772,10.);
#539=VECTOR('',#1773,10.);
#540=VECTOR('',#1776,10.);
#541=VECTOR('',#1777,10.);
#542=VECTOR('',#1778,10.);
#543=VECTOR('',#1781,10.);
#544=VECTOR('',#1782,10.);
#545=VECTOR('',#1785,10.);
#546=VECTOR('',#1786,10.);
#547=VECTOR('',#1787,10.);
#548=VECTOR('',#1788,10.);
#549=VECTOR('',#1791,10.);
#550=VECTOR('',#1792,10.);
#551=VECTOR('',#1793,10.);
#552=VECTOR('',#1796,10.);
#553=VECTOR('',#1797,10.);
#554=VECTOR('',#1798,10.);
#555=VECTOR('',#1801,10.);
#556=VECTOR('',#1802,10.);
#557=VECTOR('',#1805,10.);
#558=VECTOR('',#1806,10.);
#559=VECTOR('',#1807,10.);
#560=VECTOR('',#1808,10.);
#561=VECTOR('',#1811,10.);
#562=VECTOR('',#1812,10.);
#563=VECTOR('',#1813,10.);
#564=VECTOR('',#1816,10.);
#565=VECTOR('',#1817,10.);
#566=VECTOR('',#1818,10.);
#567=VECTOR('',#1821,10.);
#568=VECTOR('',#1822,10.);
#569=VECTOR('',#1825,10.);
#570=VECTOR('',#1826,10.);
#571=VECTOR('',#1827,10.);
#572=VECTOR('',#1828,10.);
#573=VECTOR('',#1831,10.);
#574=VECTOR('',#1832,10.);
#575=VECTOR('',#1833,10.);
#576=VECTOR('',#1836,10.);
#577=VECTOR('',#1837,10.);
#578=VECTOR('',#1838,10.);
#579=VECTOR('',#1841,10.);
#580=VECTOR('',#1842,10.);
#581=VECTOR('',#1845,10.);
#582=VECTOR('',#1846,10.);
#583=VECTOR('',#1847,10.);
#584=VECTOR('',#1848,10.);
#585=VECTOR('',#1851,10.);
#586=VECTOR('',#1852,10.);
#587=VECTOR('',#1853,10.);
#588=VECTOR('',#1856,10.);
#589=VECTOR('',#1857,10.);
#590=VECTOR('',#1858,10.);
#591=VECTOR('',#1861,10.);
#592=VECTOR('',#1862,10.);
#593=VECTOR('',#1865,10.);
#594=VECTOR('',#1866,10.);
#595=VECTOR('',#1867,10.);
#596=VECTOR('',#1868,10.);
#597=VECTOR('',#1871,10.);
#598=VECTOR('',#1872,10.);
#599=VECTOR('',#1873,10.);
#600=VECTOR('',#1876,10.);
#601=VECTOR('',#1877,10.);
#602=VECTOR('',#1878,10.);
#603=VECTOR('',#1881,10.);
#604=VECTOR('',#1882,10.);
#605=VECTOR('',#1885,10.);
#606=VECTOR('',#1886,10.);
#607=VECTOR('',#1887,10.);
#608=VECTOR('',#1888,10.);
#609=VECTOR('',#1891,10.);
#610=VECTOR('',#1892,10.);
#611=VECTOR('',#1893,10.);
#612=VECTOR('',#1896,10.);
#613=VECTOR('',#1897,10.);
#614=VECTOR('',#1898,10.);
#615=VECTOR('',#1901,10.);
#616=VECTOR('',#1902,10.);
#617=VECTOR('',#1905,10.);
#618=VECTOR('',#1906,10.);
#619=VECTOR('',#1907,10.);
#620=VECTOR('',#1908,10.);
#621=VECTOR('',#1911,10.);
#622=VECTOR('',#1912,10.);
#623=VECTOR('',#1913,10.);
#624=VECTOR('',#1916,10.);
#625=VECTOR('',#1917,10.);
#626=VECTOR('',#1918,10.);
#627=VECTOR('',#1921,10.);
#628=VECTOR('',#1922,10.);
#629=VECTOR('',#1925,10.);
#630=VECTOR('',#1926,10.);
#631=VECTOR('',#1927,10.);
#632=VECTOR('',#1928,10.);
#633=VECTOR('',#1931,10.);
#634=VECTOR('',#1932,10.);
#635=VECTOR('',#1933,10.);
#636=VECTOR('',#1936,10.);
#637=VECTOR('',#1937,10.);
#638=VECTOR('',#1938,10.);
#639=VECTOR('',#1941,10.);
#640=VECTOR('',#1942,10.);
#641=VECTOR('',#1945,10.);
#642=VECTOR('',#1946,10.);
#643=VECTOR('',#1947,10.);
#644=VECTOR('',#1948,10.);
#645=VECTOR('',#1951,10.);
#646=VECTOR('',#1952,10.);
#647=VECTOR('',#1953,10.);
#648=VECTOR('',#1956,10.);
#649=VECTOR('',#1957,10.);
#650=VECTOR('',#1958,10.);
#651=VECTOR('',#1961,10.);
#652=VECTOR('',#1962,10.);
#653=VECTOR('',#1965,10.);
#654=VECTOR('',#1966,10.);
#655=VECTOR('',#1967,10.);
#656=VECTOR('',#1968,10.);
#657=VECTOR('',#1971,10.);
#658=VECTOR('',#1972,10.);
#659=VECTOR('',#1973,10.);
#660=VECTOR('',#1976,10.);
#661=VECTOR('',#1977,10.);
#662=VECTOR('',#1978,10.);
#663=VECTOR('',#1981,10.);
#664=VECTOR('',#1982,10.);
#665=VECTOR('',#1985,10.);
#666=VECTOR('',#1986,10.);
#667=VECTOR('',#1987,10.);
#668=VECTOR('',#1988,10.);
#669=VECTOR('',#1991,10.);
#670=VECTOR('',#1992,10.);
#671=VECTOR('',#1993,10.);
#672=VECTOR('',#1996,10.);
#673=VECTOR('',#1997,10.);
#674=VECTOR('',#1998,10.);
#675=VECTOR('',#2001,10.);
#676=VECTOR('',#2002,10.);
#677=VECTOR('',#2009,10.);
#678=VECTOR('',#2010,10.);
#679=VECTOR('',#2011,10.);
#680=VECTOR('',#2012,10.);
#681=VECTOR('',#2015,10.);
#682=VECTOR('',#2016,10.);
#683=VECTOR('',#2017,10.);
#684=VECTOR('',#2020,10.);
#685=VECTOR('',#2021,10.);
#686=VECTOR('',#2022,10.);
#687=VECTOR('',#2025,10.);
#688=VECTOR('',#2026,10.);
#689=VECTOR('',#2031,1.45);
#690=VECTOR('',#2038,1.45);
#691=VECTOR('',#2045,1.45);
#692=VECTOR('',#2052,1.45);
#693=VECTOR('',#2057,10.);
#694=VECTOR('',#2058,10.);
#695=VECTOR('',#2059,10.);
#696=VECTOR('',#2060,10.);
#697=VECTOR('',#2063,10.);
#698=VECTOR('',#2064,10.);
#699=VECTOR('',#2065,10.);
#700=VECTOR('',#2068,10.);
#701=VECTOR('',#2069,10.);
#702=VECTOR('',#2070,10.);
#703=VECTOR('',#2073,10.);
#704=VECTOR('',#2074,10.);
#705=VECTOR('',#2077,10.);
#706=VECTOR('',#2078,10.);
#707=VECTOR('',#2079,10.);
#708=VECTOR('',#2080,10.);
#709=VECTOR('',#2083,10.);
#710=VECTOR('',#2084,10.);
#711=VECTOR('',#2085,10.);
#712=VECTOR('',#2088,10.);
#713=VECTOR('',#2089,10.);
#714=VECTOR('',#2090,10.);
#715=VECTOR('',#2093,10.);
#716=VECTOR('',#2094,10.);
#717=VECTOR('',#2101,10.);
#718=VECTOR('',#2102,10.);
#719=VECTOR('',#2103,10.);
#720=VECTOR('',#2104,10.);
#721=VECTOR('',#2107,10.);
#722=VECTOR('',#2108,10.);
#723=VECTOR('',#2109,10.);
#724=VECTOR('',#2112,10.);
#725=VECTOR('',#2113,10.);
#726=VECTOR('',#2114,10.);
#727=VECTOR('',#2117,10.);
#728=VECTOR('',#2118,10.);
#729=CIRCLE('',#1640,1.45);
#730=CIRCLE('',#1641,1.45);
#731=CIRCLE('',#1643,1.45);
#732=CIRCLE('',#1644,1.45);
#733=CIRCLE('',#1646,1.45);
#734=CIRCLE('',#1647,1.45);
#735=CIRCLE('',#1649,1.45);
#736=CIRCLE('',#1650,1.45);
#737=CIRCLE('',#1706,1.45);
#738=CIRCLE('',#1707,1.45);
#739=CIRCLE('',#1709,1.45);
#740=CIRCLE('',#1710,1.45);
#741=CIRCLE('',#1712,1.45);
#742=CIRCLE('',#1713,1.45);
#743=CIRCLE('',#1715,1.45);
#744=CIRCLE('',#1716,1.45);
#745=VERTEX_POINT('',#2125);
#746=VERTEX_POINT('',#2127);
#747=VERTEX_POINT('',#2131);
#748=VERTEX_POINT('',#2133);
#749=VERTEX_POINT('',#2137);
#750=VERTEX_POINT('',#2139);
#751=VERTEX_POINT('',#2143);
#752=VERTEX_POINT('',#2145);
#753=VERTEX_POINT('',#2149);
#754=VERTEX_POINT('',#2150);
#755=VERTEX_POINT('',#2152);
#756=VERTEX_POINT('',#2154);
#757=VERTEX_POINT('',#2158);
#758=VERTEX_POINT('',#2160);
#759=VERTEX_POINT('',#2164);
#760=VERTEX_POINT('',#2166);
#761=VERTEX_POINT('',#2173);
#762=VERTEX_POINT('',#2174);
#763=VERTEX_POINT('',#2176);
#764=VERTEX_POINT('',#2178);
#765=VERTEX_POINT('',#2182);
#766=VERTEX_POINT('',#2184);
#767=VERTEX_POINT('',#2188);
#768=VERTEX_POINT('',#2190);
#769=VERTEX_POINT('',#2197);
#770=VERTEX_POINT('',#2198);
#771=VERTEX_POINT('',#2200);
#772=VERTEX_POINT('',#2202);
#773=VERTEX_POINT('',#2206);
#774=VERTEX_POINT('',#2208);
#775=VERTEX_POINT('',#2212);
#776=VERTEX_POINT('',#2214);
#777=VERTEX_POINT('',#2221);
#778=VERTEX_POINT('',#2222);
#779=VERTEX_POINT('',#2224);
#780=VERTEX_POINT('',#2226);
#781=VERTEX_POINT('',#2230);
#782=VERTEX_POINT('',#2232);
#783=VERTEX_POINT('',#2236);
#784=VERTEX_POINT('',#2238);
#785=VERTEX_POINT('',#2245);
#786=VERTEX_POINT('',#2246);
#787=VERTEX_POINT('',#2248);
#788=VERTEX_POINT('',#2250);
#789=VERTEX_POINT('',#2254);
#790=VERTEX_POINT('',#2256);
#791=VERTEX_POINT('',#2260);
#792=VERTEX_POINT('',#2262);
#793=VERTEX_POINT('',#2269);
#794=VERTEX_POINT('',#2270);
#795=VERTEX_POINT('',#2272);
#796=VERTEX_POINT('',#2274);
#797=VERTEX_POINT('',#2278);
#798=VERTEX_POINT('',#2280);
#799=VERTEX_POINT('',#2284);
#800=VERTEX_POINT('',#2286);
#801=VERTEX_POINT('',#2293);
#802=VERTEX_POINT('',#2294);
#803=VERTEX_POINT('',#2296);
#804=VERTEX_POINT('',#2298);
#805=VERTEX_POINT('',#2302);
#806=VERTEX_POINT('',#2304);
#807=VERTEX_POINT('',#2308);
#808=VERTEX_POINT('',#2310);
#809=VERTEX_POINT('',#2317);
#810=VERTEX_POINT('',#2318);
#811=VERTEX_POINT('',#2320);
#812=VERTEX_POINT('',#2322);
#813=VERTEX_POINT('',#2326);
#814=VERTEX_POINT('',#2328);
#815=VERTEX_POINT('',#2332);
#816=VERTEX_POINT('',#2334);
#817=VERTEX_POINT('',#2341);
#818=VERTEX_POINT('',#2342);
#819=VERTEX_POINT('',#2344);
#820=VERTEX_POINT('',#2346);
#821=VERTEX_POINT('',#2350);
#822=VERTEX_POINT('',#2352);
#823=VERTEX_POINT('',#2356);
#824=VERTEX_POINT('',#2358);
#825=VERTEX_POINT('',#2365);
#826=VERTEX_POINT('',#2366);
#827=VERTEX_POINT('',#2368);
#828=VERTEX_POINT('',#2370);
#829=VERTEX_POINT('',#2374);
#830=VERTEX_POINT('',#2376);
#831=VERTEX_POINT('',#2380);
#832=VERTEX_POINT('',#2382);
#833=VERTEX_POINT('',#2389);
#834=VERTEX_POINT('',#2390);
#835=VERTEX_POINT('',#2392);
#836=VERTEX_POINT('',#2394);
#837=VERTEX_POINT('',#2398);
#838=VERTEX_POINT('',#2400);
#839=VERTEX_POINT('',#2404);
#840=VERTEX_POINT('',#2406);
#841=VERTEX_POINT('',#2413);
#842=VERTEX_POINT('',#2414);
#843=VERTEX_POINT('',#2416);
#844=VERTEX_POINT('',#2418);
#845=VERTEX_POINT('',#2422);
#846=VERTEX_POINT('',#2424);
#847=VERTEX_POINT('',#2428);
#848=VERTEX_POINT('',#2430);
#849=VERTEX_POINT('',#2439);
#850=VERTEX_POINT('',#2440);
#851=VERTEX_POINT('',#2442);
#852=VERTEX_POINT('',#2444);
#853=VERTEX_POINT('',#2448);
#854=VERTEX_POINT('',#2450);
#855=VERTEX_POINT('',#2454);
#856=VERTEX_POINT('',#2456);
#857=VERTEX_POINT('',#2463);
#858=VERTEX_POINT('',#2465);
#859=VERTEX_POINT('',#2469);
#860=VERTEX_POINT('',#2471);
#861=VERTEX_POINT('',#2475);
#862=VERTEX_POINT('',#2477);
#863=VERTEX_POINT('',#2481);
#864=VERTEX_POINT('',#2483);
#865=VERTEX_POINT('',#2487);
#866=VERTEX_POINT('',#2488);
#867=VERTEX_POINT('',#2490);
#868=VERTEX_POINT('',#2492);
#869=VERTEX_POINT('',#2496);
#870=VERTEX_POINT('',#2498);
#871=VERTEX_POINT('',#2502);
#872=VERTEX_POINT('',#2504);
#873=VERTEX_POINT('',#2511);
#874=VERTEX_POINT('',#2512);
#875=VERTEX_POINT('',#2514);
#876=VERTEX_POINT('',#2516);
#877=VERTEX_POINT('',#2520);
#878=VERTEX_POINT('',#2522);
#879=VERTEX_POINT('',#2526);
#880=VERTEX_POINT('',#2528);
#881=VERTEX_POINT('',#2537);
#882=VERTEX_POINT('',#2538);
#883=VERTEX_POINT('',#2540);
#884=VERTEX_POINT('',#2542);
#885=VERTEX_POINT('',#2546);
#886=VERTEX_POINT('',#2548);
#887=VERTEX_POINT('',#2552);
#888=VERTEX_POINT('',#2554);
#889=EDGE_CURVE('',#745,#745,#729,.T.);
#890=EDGE_CURVE('',#745,#746,#329,.T.);
#891=EDGE_CURVE('',#746,#746,#730,.T.);
#892=EDGE_CURVE('',#747,#747,#731,.T.);
#893=EDGE_CURVE('',#747,#748,#330,.T.);
#894=EDGE_CURVE('',#748,#748,#732,.T.);
#895=EDGE_CURVE('',#749,#749,#733,.T.);
#896=EDGE_CURVE('',#749,#750,#331,.T.);
#897=EDGE_CURVE('',#750,#750,#734,.T.);
#898=EDGE_CURVE('',#751,#751,#735,.T.);
#899=EDGE_CURVE('',#751,#752,#332,.T.);
#900=EDGE_CURVE('',#752,#752,#736,.T.);
#901=EDGE_CURVE('',#753,#754,#333,.T.);
#902=EDGE_CURVE('',#754,#755,#334,.T.);
#903=EDGE_CURVE('',#756,#755,#335,.T.);
#904=EDGE_CURVE('',#753,#756,#336,.T.);
#905=EDGE_CURVE('',#757,#753,#337,.T.);
#906=EDGE_CURVE('',#758,#756,#338,.T.);
#907=EDGE_CURVE('',#757,#758,#339,.T.);
#908=EDGE_CURVE('',#759,#757,#340,.T.);
#909=EDGE_CURVE('',#760,#758,#341,.T.);
#910=EDGE_CURVE('',#759,#760,#342,.T.);
#911=EDGE_CURVE('',#754,#759,#343,.T.);
#912=EDGE_CURVE('',#755,#760,#344,.T.);
#913=EDGE_CURVE('',#761,#762,#345,.T.);
#914=EDGE_CURVE('',#762,#763,#346,.T.);
#915=EDGE_CURVE('',#764,#763,#347,.T.);
#916=EDGE_CURVE('',#761,#764,#348,.T.);
#917=EDGE_CURVE('',#765,#761,#349,.T.);
#918=EDGE_CURVE('',#766,#764,#350,.T.);
#919=EDGE_CURVE('',#765,#766,#351,.T.);
#920=EDGE_CURVE('',#767,#765,#352,.T.);
#921=EDGE_CURVE('',#768,#766,#353,.T.);
#922=EDGE_CURVE('',#767,#768,#354,.T.);
#923=EDGE_CURVE('',#762,#767,#355,.T.);
#924=EDGE_CURVE('',#763,#768,#356,.T.);
#925=EDGE_CURVE('',#769,#770,#357,.T.);
#926=EDGE_CURVE('',#770,#771,#358,.T.);
#927=EDGE_CURVE('',#772,#771,#359,.T.);
#928=EDGE_CURVE('',#769,#772,#360,.T.);
#929=EDGE_CURVE('',#773,#769,#361,.T.);
#930=EDGE_CURVE('',#774,#772,#362,.T.);
#931=EDGE_CURVE('',#773,#774,#363,.T.);
#932=EDGE_CURVE('',#775,#773,#364,.T.);
#933=EDGE_CURVE('',#776,#774,#365,.T.);
#934=EDGE_CURVE('',#775,#776,#366,.T.);
#935=EDGE_CURVE('',#770,#775,#367,.T.);
#936=EDGE_CURVE('',#771,#776,#368,.T.);
#937=EDGE_CURVE('',#777,#778,#369,.T.);
#938=EDGE_CURVE('',#778,#779,#370,.T.);
#939=EDGE_CURVE('',#780,#779,#371,.T.);
#940=EDGE_CURVE('',#777,#780,#372,.T.);
#941=EDGE_CURVE('',#781,#777,#373,.T.);
#942=EDGE_CURVE('',#782,#780,#374,.T.);
#943=EDGE_CURVE('',#781,#782,#375,.T.);
#944=EDGE_CURVE('',#783,#781,#376,.T.);
#945=EDGE_CURVE('',#784,#782,#377,.T.);
#946=EDGE_CURVE('',#783,#784,#378,.T.);
#947=EDGE_CURVE('',#778,#783,#379,.T.);
#948=EDGE_CURVE('',#779,#784,#380,.T.);
#949=EDGE_CURVE('',#785,#786,#381,.T.);
#950=EDGE_CURVE('',#786,#787,#382,.T.);
#951=EDGE_CURVE('',#788,#787,#383,.T.);
#952=EDGE_CURVE('',#785,#788,#384,.T.);
#953=EDGE_CURVE('',#789,#785,#385,.T.);
#954=EDGE_CURVE('',#790,#788,#386,.T.);
#955=EDGE_CURVE('',#789,#790,#387,.T.);
#956=EDGE_CURVE('',#791,#789,#388,.T.);
#957=EDGE_CURVE('',#792,#790,#389,.T.);
#958=EDGE_CURVE('',#791,#792,#390,.T.);
#959=EDGE_CURVE('',#786,#791,#391,.T.);
#960=EDGE_CURVE('',#787,#792,#392,.T.);
#961=EDGE_CURVE('',#793,#794,#393,.T.);
#962=EDGE_CURVE('',#794,#795,#394,.T.);
#963=EDGE_CURVE('',#796,#795,#395,.T.);
#964=EDGE_CURVE('',#793,#796,#396,.T.);
#965=EDGE_CURVE('',#797,#793,#397,.T.);
#966=EDGE_CURVE('',#798,#796,#398,.T.);
#967=EDGE_CURVE('',#797,#798,#399,.T.);
#968=EDGE_CURVE('',#799,#797,#400,.T.);
#969=EDGE_CURVE('',#800,#798,#401,.T.);
#970=EDGE_CURVE('',#799,#800,#402,.T.);
#971=EDGE_CURVE('',#794,#799,#403,.T.);
#972=EDGE_CURVE('',#795,#800,#404,.T.);
#973=EDGE_CURVE('',#801,#802,#405,.T.);
#974=EDGE_CURVE('',#802,#803,#406,.T.);
#975=EDGE_CURVE('',#804,#803,#407,.T.);
#976=EDGE_CURVE('',#801,#804,#408,.T.);
#977=EDGE_CURVE('',#805,#801,#409,.T.);
#978=EDGE_CURVE('',#806,#804,#410,.T.);
#979=EDGE_CURVE('',#805,#806,#411,.T.);
#980=EDGE_CURVE('',#807,#805,#412,.T.);
#981=EDGE_CURVE('',#808,#806,#413,.T.);
#982=EDGE_CURVE('',#807,#808,#414,.T.);
#983=EDGE_CURVE('',#802,#807,#415,.T.);
#984=EDGE_CURVE('',#803,#808,#416,.T.);
#985=EDGE_CURVE('',#809,#810,#417,.T.);
#986=EDGE_CURVE('',#810,#811,#418,.T.);
#987=EDGE_CURVE('',#812,#811,#419,.T.);
#988=EDGE_CURVE('',#809,#812,#420,.T.);
#989=EDGE_CURVE('',#813,#809,#421,.T.);
#990=EDGE_CURVE('',#814,#812,#422,.T.);
#991=EDGE_CURVE('',#813,#814,#423,.T.);
#992=EDGE_CURVE('',#815,#813,#424,.T.);
#993=EDGE_CURVE('',#816,#814,#425,.T.);
#994=EDGE_CURVE('',#815,#816,#426,.T.);
#995=EDGE_CURVE('',#810,#815,#427,.T.);
#996=EDGE_CURVE('',#811,#816,#428,.T.);
#997=EDGE_CURVE('',#817,#818,#429,.T.);
#998=EDGE_CURVE('',#818,#819,#430,.T.);
#999=EDGE_CURVE('',#820,#819,#431,.T.);
#1000=EDGE_CURVE('',#817,#820,#432,.T.);
#1001=EDGE_CURVE('',#821,#817,#433,.T.);
#1002=EDGE_CURVE('',#822,#820,#434,.T.);
#1003=EDGE_CURVE('',#821,#822,#435,.T.);
#1004=EDGE_CURVE('',#823,#821,#436,.T.);
#1005=EDGE_CURVE('',#824,#822,#437,.T.);
#1006=EDGE_CURVE('',#823,#824,#438,.T.);
#1007=EDGE_CURVE('',#818,#823,#439,.T.);
#1008=EDGE_CURVE('',#819,#824,#440,.T.);
#1009=EDGE_CURVE('',#825,#826,#441,.T.);
#1010=EDGE_CURVE('',#826,#827,#442,.T.);
#1011=EDGE_CURVE('',#828,#827,#443,.T.);
#1012=EDGE_CURVE('',#825,#828,#444,.T.);
#1013=EDGE_CURVE('',#829,#825,#445,.T.);
#1014=EDGE_CURVE('',#830,#828,#446,.T.);
#1015=EDGE_CURVE('',#829,#830,#447,.T.);
#1016=EDGE_CURVE('',#831,#829,#448,.T.);
#1017=EDGE_CURVE('',#832,#830,#449,.T.);
#1018=EDGE_CURVE('',#831,#832,#450,.T.);
#1019=EDGE_CURVE('',#826,#831,#451,.T.);
#1020=EDGE_CURVE('',#827,#832,#452,.T.);
#1021=EDGE_CURVE('',#833,#834,#453,.T.);
#1022=EDGE_CURVE('',#834,#835,#454,.T.);
#1023=EDGE_CURVE('',#836,#835,#455,.T.);
#1024=EDGE_CURVE('',#833,#836,#456,.T.);
#1025=EDGE_CURVE('',#837,#833,#457,.T.);
#1026=EDGE_CURVE('',#838,#836,#458,.T.);
#1027=EDGE_CURVE('',#837,#838,#459,.T.);
#1028=EDGE_CURVE('',#839,#837,#460,.T.);
#1029=EDGE_CURVE('',#840,#838,#461,.T.);
#1030=EDGE_CURVE('',#839,#840,#462,.T.);
#1031=EDGE_CURVE('',#834,#839,#463,.T.);
#1032=EDGE_CURVE('',#835,#840,#464,.T.);
#1033=EDGE_CURVE('',#841,#842,#465,.T.);
#1034=EDGE_CURVE('',#841,#843,#466,.T.);
#1035=EDGE_CURVE('',#844,#843,#467,.T.);
#1036=EDGE_CURVE('',#842,#844,#468,.T.);
#1037=EDGE_CURVE('',#842,#845,#469,.T.);
#1038=EDGE_CURVE('',#846,#844,#470,.T.);
#1039=EDGE_CURVE('',#845,#846,#471,.T.);
#1040=EDGE_CURVE('',#845,#847,#472,.T.);
#1041=EDGE_CURVE('',#848,#846,#473,.T.);
#1042=EDGE_CURVE('',#847,#848,#474,.T.);
#1043=EDGE_CURVE('',#847,#841,#475,.T.);
#1044=EDGE_CURVE('',#843,#848,#476,.T.);
#1045=EDGE_CURVE('',#849,#850,#477,.T.);
#1046=EDGE_CURVE('',#849,#851,#478,.T.);
#1047=EDGE_CURVE('',#852,#851,#479,.T.);
#1048=EDGE_CURVE('',#850,#852,#480,.T.);
#1049=EDGE_CURVE('',#850,#853,#481,.T.);
#1050=EDGE_CURVE('',#854,#852,#482,.T.);
#1051=EDGE_CURVE('',#853,#854,#483,.T.);
#1052=EDGE_CURVE('',#853,#855,#484,.T.);
#1053=EDGE_CURVE('',#856,#854,#485,.T.);
#1054=EDGE_CURVE('',#856,#855,#486,.T.);
#1055=EDGE_CURVE('',#855,#849,#487,.T.);
#1056=EDGE_CURVE('',#851,#856,#488,.T.);
#1057=EDGE_CURVE('',#857,#857,#737,.T.);
#1058=EDGE_CURVE('',#857,#858,#489,.T.);
#1059=EDGE_CURVE('',#858,#858,#738,.T.);
#1060=EDGE_CURVE('',#859,#859,#739,.T.);
#1061=EDGE_CURVE('',#859,#860,#490,.T.);
#1062=EDGE_CURVE('',#860,#860,#740,.T.);
#1063=EDGE_CURVE('',#861,#861,#741,.T.);
#1064=EDGE_CURVE('',#861,#862,#491,.T.);
#1065=EDGE_CURVE('',#862,#862,#742,.T.);
#1066=EDGE_CURVE('',#863,#863,#743,.T.);
#1067=EDGE_CURVE('',#863,#864,#492,.T.);
#1068=EDGE_CURVE('',#864,#864,#744,.T.);
#1069=EDGE_CURVE('',#865,#866,#493,.T.);
#1070=EDGE_CURVE('',#866,#867,#494,.T.);
#1071=EDGE_CURVE('',#868,#867,#495,.T.);
#1072=EDGE_CURVE('',#865,#868,#496,.T.);
#1073=EDGE_CURVE('',#869,#865,#497,.T.);
#1074=EDGE_CURVE('',#870,#868,#498,.T.);
#1075=EDGE_CURVE('',#869,#870,#499,.T.);
#1076=EDGE_CURVE('',#871,#869,#500,.T.);
#1077=EDGE_CURVE('',#872,#870,#501,.T.);
#1078=EDGE_CURVE('',#871,#872,#502,.T.);
#1079=EDGE_CURVE('',#866,#871,#503,.T.);
#1080=EDGE_CURVE('',#867,#872,#504,.T.);
#1081=EDGE_CURVE('',#873,#874,#505,.T.);
#1082=EDGE_CURVE('',#873,#875,#506,.T.);
#1083=EDGE_CURVE('',#876,#875,#507,.T.);
#1084=EDGE_CURVE('',#874,#876,#508,.T.);
#1085=EDGE_CURVE('',#874,#877,#509,.T.);
#1086=EDGE_CURVE('',#878,#876,#510,.T.);
#1087=EDGE_CURVE('',#877,#878,#511,.T.);
#1088=EDGE_CURVE('',#877,#879,#512,.T.);
#1089=EDGE_CURVE('',#880,#878,#513,.T.);
#1090=EDGE_CURVE('',#879,#880,#514,.T.);
#1091=EDGE_CURVE('',#879,#873,#515,.T.);
#1092=EDGE_CURVE('',#875,#880,#516,.T.);
#1093=EDGE_CURVE('',#881,#882,#517,.T.);
#1094=EDGE_CURVE('',#881,#883,#518,.T.);
#1095=EDGE_CURVE('',#884,#883,#519,.T.);
#1096=EDGE_CURVE('',#882,#884,#520,.T.);
#1097=EDGE_CURVE('',#882,#885,#521,.T.);
#1098=EDGE_CURVE('',#886,#884,#522,.T.);
#1099=EDGE_CURVE('',#885,#886,#523,.T.);
#1100=EDGE_CURVE('',#885,#887,#524,.T.);
#1101=EDGE_CURVE('',#888,#886,#525,.T.);
#1102=EDGE_CURVE('',#887,#888,#526,.T.);
#1103=EDGE_CURVE('',#887,#881,#527,.T.);
#1104=EDGE_CURVE('',#883,#888,#528,.T.);
#1105=ORIENTED_EDGE('',*,*,#889,.F.);
#1106=ORIENTED_EDGE('',*,*,#890,.T.);
#1107=ORIENTED_EDGE('',*,*,#891,.F.);
#1108=ORIENTED_EDGE('',*,*,#890,.F.);
#1109=ORIENTED_EDGE('',*,*,#892,.F.);
#1110=ORIENTED_EDGE('',*,*,#893,.T.);
#1111=ORIENTED_EDGE('',*,*,#894,.F.);
#1112=ORIENTED_EDGE('',*,*,#893,.F.);
#1113=ORIENTED_EDGE('',*,*,#895,.F.);
#1114=ORIENTED_EDGE('',*,*,#896,.T.);
#1115=ORIENTED_EDGE('',*,*,#897,.F.);
#1116=ORIENTED_EDGE('',*,*,#896,.F.);
#1117=ORIENTED_EDGE('',*,*,#898,.F.);
#1118=ORIENTED_EDGE('',*,*,#899,.T.);
#1119=ORIENTED_EDGE('',*,*,#900,.F.);
#1120=ORIENTED_EDGE('',*,*,#899,.F.);
#1121=ORIENTED_EDGE('',*,*,#901,.T.);
#1122=ORIENTED_EDGE('',*,*,#902,.T.);
#1123=ORIENTED_EDGE('',*,*,#903,.F.);
#1124=ORIENTED_EDGE('',*,*,#904,.F.);
#1125=ORIENTED_EDGE('',*,*,#905,.T.);
#1126=ORIENTED_EDGE('',*,*,#904,.T.);
#1127=ORIENTED_EDGE('',*,*,#906,.F.);
#1128=ORIENTED_EDGE('',*,*,#907,.F.);
#1129=ORIENTED_EDGE('',*,*,#908,.T.);
#1130=ORIENTED_EDGE('',*,*,#907,.T.);
#1131=ORIENTED_EDGE('',*,*,#909,.F.);
#1132=ORIENTED_EDGE('',*,*,#910,.F.);
#1133=ORIENTED_EDGE('',*,*,#911,.T.);
#1134=ORIENTED_EDGE('',*,*,#910,.T.);
#1135=ORIENTED_EDGE('',*,*,#912,.F.);
#1136=ORIENTED_EDGE('',*,*,#902,.F.);
#1137=ORIENTED_EDGE('',*,*,#913,.T.);
#1138=ORIENTED_EDGE('',*,*,#914,.T.);
#1139=ORIENTED_EDGE('',*,*,#915,.F.);
#1140=ORIENTED_EDGE('',*,*,#916,.F.);
#1141=ORIENTED_EDGE('',*,*,#917,.T.);
#1142=ORIENTED_EDGE('',*,*,#916,.T.);
#1143=ORIENTED_EDGE('',*,*,#918,.F.);
#1144=ORIENTED_EDGE('',*,*,#919,.F.);
#1145=ORIENTED_EDGE('',*,*,#920,.T.);
#1146=ORIENTED_EDGE('',*,*,#919,.T.);
#1147=ORIENTED_EDGE('',*,*,#921,.F.);
#1148=ORIENTED_EDGE('',*,*,#922,.F.);
#1149=ORIENTED_EDGE('',*,*,#923,.T.);
#1150=ORIENTED_EDGE('',*,*,#922,.T.);
#1151=ORIENTED_EDGE('',*,*,#924,.F.);
#1152=ORIENTED_EDGE('',*,*,#914,.F.);
#1153=ORIENTED_EDGE('',*,*,#925,.T.);
#1154=ORIENTED_EDGE('',*,*,#926,.T.);
#1155=ORIENTED_EDGE('',*,*,#927,.F.);
#1156=ORIENTED_EDGE('',*,*,#928,.F.);
#1157=ORIENTED_EDGE('',*,*,#929,.T.);
#1158=ORIENTED_EDGE('',*,*,#928,.T.);
#1159=ORIENTED_EDGE('',*,*,#930,.F.);
#1160=ORIENTED_EDGE('',*,*,#931,.F.);
#1161=ORIENTED_EDGE('',*,*,#932,.T.);
#1162=ORIENTED_EDGE('',*,*,#931,.T.);
#1163=ORIENTED_EDGE('',*,*,#933,.F.);
#1164=ORIENTED_EDGE('',*,*,#934,.F.);
#1165=ORIENTED_EDGE('',*,*,#935,.T.);
#1166=ORIENTED_EDGE('',*,*,#934,.T.);
#1167=ORIENTED_EDGE('',*,*,#936,.F.);
#1168=ORIENTED_EDGE('',*,*,#926,.F.);
#1169=ORIENTED_EDGE('',*,*,#937,.T.);
#1170=ORIENTED_EDGE('',*,*,#938,.T.);
#1171=ORIENTED_EDGE('',*,*,#939,.F.);
#1172=ORIENTED_EDGE('',*,*,#940,.F.);
#1173=ORIENTED_EDGE('',*,*,#941,.T.);
#1174=ORIENTED_EDGE('',*,*,#940,.T.);
#1175=ORIENTED_EDGE('',*,*,#942,.F.);
#1176=ORIENTED_EDGE('',*,*,#943,.F.);
#1177=ORIENTED_EDGE('',*,*,#944,.T.);
#1178=ORIENTED_EDGE('',*,*,#943,.T.);
#1179=ORIENTED_EDGE('',*,*,#945,.F.);
#1180=ORIENTED_EDGE('',*,*,#946,.F.);
#1181=ORIENTED_EDGE('',*,*,#947,.T.);
#1182=ORIENTED_EDGE('',*,*,#946,.T.);
#1183=ORIENTED_EDGE('',*,*,#948,.F.);
#1184=ORIENTED_EDGE('',*,*,#938,.F.);
#1185=ORIENTED_EDGE('',*,*,#949,.T.);
#1186=ORIENTED_EDGE('',*,*,#950,.T.);
#1187=ORIENTED_EDGE('',*,*,#951,.F.);
#1188=ORIENTED_EDGE('',*,*,#952,.F.);
#1189=ORIENTED_EDGE('',*,*,#953,.T.);
#1190=ORIENTED_EDGE('',*,*,#952,.T.);
#1191=ORIENTED_EDGE('',*,*,#954,.F.);
#1192=ORIENTED_EDGE('',*,*,#955,.F.);
#1193=ORIENTED_EDGE('',*,*,#956,.T.);
#1194=ORIENTED_EDGE('',*,*,#955,.T.);
#1195=ORIENTED_EDGE('',*,*,#957,.F.);
#1196=ORIENTED_EDGE('',*,*,#958,.F.);
#1197=ORIENTED_EDGE('',*,*,#959,.T.);
#1198=ORIENTED_EDGE('',*,*,#958,.T.);
#1199=ORIENTED_EDGE('',*,*,#960,.F.);
#1200=ORIENTED_EDGE('',*,*,#950,.F.);
#1201=ORIENTED_EDGE('',*,*,#961,.T.);
#1202=ORIENTED_EDGE('',*,*,#962,.T.);
#1203=ORIENTED_EDGE('',*,*,#963,.F.);
#1204=ORIENTED_EDGE('',*,*,#964,.F.);
#1205=ORIENTED_EDGE('',*,*,#965,.T.);
#1206=ORIENTED_EDGE('',*,*,#964,.T.);
#1207=ORIENTED_EDGE('',*,*,#966,.F.);
#1208=ORIENTED_EDGE('',*,*,#967,.F.);
#1209=ORIENTED_EDGE('',*,*,#968,.T.);
#1210=ORIENTED_EDGE('',*,*,#967,.T.);
#1211=ORIENTED_EDGE('',*,*,#969,.F.);
#1212=ORIENTED_EDGE('',*,*,#970,.F.);
#1213=ORIENTED_EDGE('',*,*,#971,.T.);
#1214=ORIENTED_EDGE('',*,*,#970,.T.);
#1215=ORIENTED_EDGE('',*,*,#972,.F.);
#1216=ORIENTED_EDGE('',*,*,#962,.F.);
#1217=ORIENTED_EDGE('',*,*,#973,.T.);
#1218=ORIENTED_EDGE('',*,*,#974,.T.);
#1219=ORIENTED_EDGE('',*,*,#975,.F.);
#1220=ORIENTED_EDGE('',*,*,#976,.F.);
#1221=ORIENTED_EDGE('',*,*,#977,.T.);
#1222=ORIENTED_EDGE('',*,*,#976,.T.);
#1223=ORIENTED_EDGE('',*,*,#978,.F.);
#1224=ORIENTED_EDGE('',*,*,#979,.F.);
#1225=ORIENTED_EDGE('',*,*,#980,.T.);
#1226=ORIENTED_EDGE('',*,*,#979,.T.);
#1227=ORIENTED_EDGE('',*,*,#981,.F.);
#1228=ORIENTED_EDGE('',*,*,#982,.F.);
#1229=ORIENTED_EDGE('',*,*,#983,.T.);
#1230=ORIENTED_EDGE('',*,*,#982,.T.);
#1231=ORIENTED_EDGE('',*,*,#984,.F.);
#1232=ORIENTED_EDGE('',*,*,#974,.F.);
#1233=ORIENTED_EDGE('',*,*,#985,.T.);
#1234=ORIENTED_EDGE('',*,*,#986,.T.);
#1235=ORIENTED_EDGE('',*,*,#987,.F.);
#1236=ORIENTED_EDGE('',*,*,#988,.F.);
#1237=ORIENTED_EDGE('',*,*,#989,.T.);
#1238=ORIENTED_EDGE('',*,*,#988,.T.);
#1239=ORIENTED_EDGE('',*,*,#990,.F.);
#1240=ORIENTED_EDGE('',*,*,#991,.F.);
#1241=ORIENTED_EDGE('',*,*,#992,.T.);
#1242=ORIENTED_EDGE('',*,*,#991,.T.);
#1243=ORIENTED_EDGE('',*,*,#993,.F.);
#1244=ORIENTED_EDGE('',*,*,#994,.F.);
#1245=ORIENTED_EDGE('',*,*,#995,.T.);
#1246=ORIENTED_EDGE('',*,*,#994,.T.);
#1247=ORIENTED_EDGE('',*,*,#996,.F.);
#1248=ORIENTED_EDGE('',*,*,#986,.F.);
#1249=ORIENTED_EDGE('',*,*,#997,.T.);
#1250=ORIENTED_EDGE('',*,*,#998,.T.);
#1251=ORIENTED_EDGE('',*,*,#999,.F.);
#1252=ORIENTED_EDGE('',*,*,#1000,.F.);
#1253=ORIENTED_EDGE('',*,*,#1001,.T.);
#1254=ORIENTED_EDGE('',*,*,#1000,.T.);
#1255=ORIENTED_EDGE('',*,*,#1002,.F.);
#1256=ORIENTED_EDGE('',*,*,#1003,.F.);
#1257=ORIENTED_EDGE('',*,*,#1004,.T.);
#1258=ORIENTED_EDGE('',*,*,#1003,.T.);
#1259=ORIENTED_EDGE('',*,*,#1005,.F.);
#1260=ORIENTED_EDGE('',*,*,#1006,.F.);
#1261=ORIENTED_EDGE('',*,*,#1007,.T.);
#1262=ORIENTED_EDGE('',*,*,#1006,.T.);
#1263=ORIENTED_EDGE('',*,*,#1008,.F.);
#1264=ORIENTED_EDGE('',*,*,#998,.F.);
#1265=ORIENTED_EDGE('',*,*,#1009,.T.);
#1266=ORIENTED_EDGE('',*,*,#1010,.T.);
#1267=ORIENTED_EDGE('',*,*,#1011,.F.);
#1268=ORIENTED_EDGE('',*,*,#1012,.F.);
#1269=ORIENTED_EDGE('',*,*,#1013,.T.);
#1270=ORIENTED_EDGE('',*,*,#1012,.T.);
#1271=ORIENTED_EDGE('',*,*,#1014,.F.);
#1272=ORIENTED_EDGE('',*,*,#1015,.F.);
#1273=ORIENTED_EDGE('',*,*,#1016,.T.);
#1274=ORIENTED_EDGE('',*,*,#1015,.T.);
#1275=ORIENTED_EDGE('',*,*,#1017,.F.);
#1276=ORIENTED_EDGE('',*,*,#1018,.F.);
#1277=ORIENTED_EDGE('',*,*,#1019,.T.);
#1278=ORIENTED_EDGE('',*,*,#1018,.T.);
#1279=ORIENTED_EDGE('',*,*,#1020,.F.);
#1280=ORIENTED_EDGE('',*,*,#1010,.F.);
#1281=ORIENTED_EDGE('',*,*,#1021,.T.);
#1282=ORIENTED_EDGE('',*,*,#1022,.T.);
#1283=ORIENTED_EDGE('',*,*,#1023,.F.);
#1284=ORIENTED_EDGE('',*,*,#1024,.F.);
#1285=ORIENTED_EDGE('',*,*,#1025,.T.);
#1286=ORIENTED_EDGE('',*,*,#1024,.T.);
#1287=ORIENTED_EDGE('',*,*,#1026,.F.);
#1288=ORIENTED_EDGE('',*,*,#1027,.F.);
#1289=ORIENTED_EDGE('',*,*,#1028,.T.);
#1290=ORIENTED_EDGE('',*,*,#1027,.T.);
#1291=ORIENTED_EDGE('',*,*,#1029,.F.);
#1292=ORIENTED_EDGE('',*,*,#1030,.F.);
#1293=ORIENTED_EDGE('',*,*,#1031,.T.);
#1294=ORIENTED_EDGE('',*,*,#1030,.T.);
#1295=ORIENTED_EDGE('',*,*,#1032,.F.);
#1296=ORIENTED_EDGE('',*,*,#1022,.F.);
#1297=ORIENTED_EDGE('',*,*,#1033,.F.);
#1298=ORIENTED_EDGE('',*,*,#1034,.T.);
#1299=ORIENTED_EDGE('',*,*,#1035,.F.);
#1300=ORIENTED_EDGE('',*,*,#1036,.F.);
#1301=ORIENTED_EDGE('',*,*,#1037,.F.);
#1302=ORIENTED_EDGE('',*,*,#1036,.T.);
#1303=ORIENTED_EDGE('',*,*,#1038,.F.);
#1304=ORIENTED_EDGE('',*,*,#1039,.F.);
#1305=ORIENTED_EDGE('',*,*,#1040,.F.);
#1306=ORIENTED_EDGE('',*,*,#1039,.T.);
#1307=ORIENTED_EDGE('',*,*,#1041,.F.);
#1308=ORIENTED_EDGE('',*,*,#1042,.F.);
#1309=ORIENTED_EDGE('',*,*,#1043,.F.);
#1310=ORIENTED_EDGE('',*,*,#1042,.T.);
#1311=ORIENTED_EDGE('',*,*,#1044,.F.);
#1312=ORIENTED_EDGE('',*,*,#1034,.F.);
#1313=ORIENTED_EDGE('',*,*,#1044,.T.);
#1314=ORIENTED_EDGE('',*,*,#1041,.T.);
#1315=ORIENTED_EDGE('',*,*,#1038,.T.);
#1316=ORIENTED_EDGE('',*,*,#1035,.T.);
#1317=ORIENTED_EDGE('',*,*,#912,.T.);
#1318=ORIENTED_EDGE('',*,*,#909,.T.);
#1319=ORIENTED_EDGE('',*,*,#906,.T.);
#1320=ORIENTED_EDGE('',*,*,#903,.T.);
#1321=ORIENTED_EDGE('',*,*,#924,.T.);
#1322=ORIENTED_EDGE('',*,*,#921,.T.);
#1323=ORIENTED_EDGE('',*,*,#918,.T.);
#1324=ORIENTED_EDGE('',*,*,#915,.T.);
#1325=ORIENTED_EDGE('',*,*,#936,.T.);
#1326=ORIENTED_EDGE('',*,*,#933,.T.);
#1327=ORIENTED_EDGE('',*,*,#930,.T.);
#1328=ORIENTED_EDGE('',*,*,#927,.T.);
#1329=ORIENTED_EDGE('',*,*,#948,.T.);
#1330=ORIENTED_EDGE('',*,*,#945,.T.);
#1331=ORIENTED_EDGE('',*,*,#942,.T.);
#1332=ORIENTED_EDGE('',*,*,#939,.T.);
#1333=ORIENTED_EDGE('',*,*,#960,.T.);
#1334=ORIENTED_EDGE('',*,*,#957,.T.);
#1335=ORIENTED_EDGE('',*,*,#954,.T.);
#1336=ORIENTED_EDGE('',*,*,#951,.T.);
#1337=ORIENTED_EDGE('',*,*,#972,.T.);
#1338=ORIENTED_EDGE('',*,*,#969,.T.);
#1339=ORIENTED_EDGE('',*,*,#966,.T.);
#1340=ORIENTED_EDGE('',*,*,#963,.T.);
#1341=ORIENTED_EDGE('',*,*,#984,.T.);
#1342=ORIENTED_EDGE('',*,*,#981,.T.);
#1343=ORIENTED_EDGE('',*,*,#978,.T.);
#1344=ORIENTED_EDGE('',*,*,#975,.T.);
#1345=ORIENTED_EDGE('',*,*,#996,.T.);
#1346=ORIENTED_EDGE('',*,*,#993,.T.);
#1347=ORIENTED_EDGE('',*,*,#990,.T.);
#1348=ORIENTED_EDGE('',*,*,#987,.T.);
#1349=ORIENTED_EDGE('',*,*,#1008,.T.);
#1350=ORIENTED_EDGE('',*,*,#1005,.T.);
#1351=ORIENTED_EDGE('',*,*,#1002,.T.);
#1352=ORIENTED_EDGE('',*,*,#999,.T.);
#1353=ORIENTED_EDGE('',*,*,#1020,.T.);
#1354=ORIENTED_EDGE('',*,*,#1017,.T.);
#1355=ORIENTED_EDGE('',*,*,#1014,.T.);
#1356=ORIENTED_EDGE('',*,*,#1011,.T.);
#1357=ORIENTED_EDGE('',*,*,#1032,.T.);
#1358=ORIENTED_EDGE('',*,*,#1029,.T.);
#1359=ORIENTED_EDGE('',*,*,#1026,.T.);
#1360=ORIENTED_EDGE('',*,*,#1023,.T.);
#1361=ORIENTED_EDGE('',*,*,#898,.T.);
#1362=ORIENTED_EDGE('',*,*,#895,.T.);
#1363=ORIENTED_EDGE('',*,*,#892,.T.);
#1364=ORIENTED_EDGE('',*,*,#889,.T.);
#1365=ORIENTED_EDGE('',*,*,#1043,.T.);
#1366=ORIENTED_EDGE('',*,*,#1033,.T.);
#1367=ORIENTED_EDGE('',*,*,#1037,.T.);
#1368=ORIENTED_EDGE('',*,*,#1040,.T.);
#1369=ORIENTED_EDGE('',*,*,#911,.F.);
#1370=ORIENTED_EDGE('',*,*,#901,.F.);
#1371=ORIENTED_EDGE('',*,*,#905,.F.);
#1372=ORIENTED_EDGE('',*,*,#908,.F.);
#1373=ORIENTED_EDGE('',*,*,#923,.F.);
#1374=ORIENTED_EDGE('',*,*,#913,.F.);
#1375=ORIENTED_EDGE('',*,*,#917,.F.);
#1376=ORIENTED_EDGE('',*,*,#920,.F.);
#1377=ORIENTED_EDGE('',*,*,#935,.F.);
#1378=ORIENTED_EDGE('',*,*,#925,.F.);
#1379=ORIENTED_EDGE('',*,*,#929,.F.);
#1380=ORIENTED_EDGE('',*,*,#932,.F.);
#1381=ORIENTED_EDGE('',*,*,#947,.F.);
#1382=ORIENTED_EDGE('',*,*,#937,.F.);
#1383=ORIENTED_EDGE('',*,*,#941,.F.);
#1384=ORIENTED_EDGE('',*,*,#944,.F.);
#1385=ORIENTED_EDGE('',*,*,#959,.F.);
#1386=ORIENTED_EDGE('',*,*,#949,.F.);
#1387=ORIENTED_EDGE('',*,*,#953,.F.);
#1388=ORIENTED_EDGE('',*,*,#956,.F.);
#1389=ORIENTED_EDGE('',*,*,#971,.F.);
#1390=ORIENTED_EDGE('',*,*,#961,.F.);
#1391=ORIENTED_EDGE('',*,*,#965,.F.);
#1392=ORIENTED_EDGE('',*,*,#968,.F.);
#1393=ORIENTED_EDGE('',*,*,#983,.F.);
#1394=ORIENTED_EDGE('',*,*,#973,.F.);
#1395=ORIENTED_EDGE('',*,*,#977,.F.);
#1396=ORIENTED_EDGE('',*,*,#980,.F.);
#1397=ORIENTED_EDGE('',*,*,#995,.F.);
#1398=ORIENTED_EDGE('',*,*,#985,.F.);
#1399=ORIENTED_EDGE('',*,*,#989,.F.);
#1400=ORIENTED_EDGE('',*,*,#992,.F.);
#1401=ORIENTED_EDGE('',*,*,#1007,.F.);
#1402=ORIENTED_EDGE('',*,*,#997,.F.);
#1403=ORIENTED_EDGE('',*,*,#1001,.F.);
#1404=ORIENTED_EDGE('',*,*,#1004,.F.);
#1405=ORIENTED_EDGE('',*,*,#1019,.F.);
#1406=ORIENTED_EDGE('',*,*,#1009,.F.);
#1407=ORIENTED_EDGE('',*,*,#1013,.F.);
#1408=ORIENTED_EDGE('',*,*,#1016,.F.);
#1409=ORIENTED_EDGE('',*,*,#1031,.F.);
#1410=ORIENTED_EDGE('',*,*,#1021,.F.);
#1411=ORIENTED_EDGE('',*,*,#1025,.F.);
#1412=ORIENTED_EDGE('',*,*,#1028,.F.);
#1413=ORIENTED_EDGE('',*,*,#900,.T.);
#1414=ORIENTED_EDGE('',*,*,#897,.T.);
#1415=ORIENTED_EDGE('',*,*,#894,.T.);
#1416=ORIENTED_EDGE('',*,*,#891,.T.);
#1417=ORIENTED_EDGE('',*,*,#1045,.F.);
#1418=ORIENTED_EDGE('',*,*,#1046,.T.);
#1419=ORIENTED_EDGE('',*,*,#1047,.F.);
#1420=ORIENTED_EDGE('',*,*,#1048,.F.);
#1421=ORIENTED_EDGE('',*,*,#1049,.F.);
#1422=ORIENTED_EDGE('',*,*,#1048,.T.);
#1423=ORIENTED_EDGE('',*,*,#1050,.F.);
#1424=ORIENTED_EDGE('',*,*,#1051,.F.);
#1425=ORIENTED_EDGE('',*,*,#1052,.F.);
#1426=ORIENTED_EDGE('',*,*,#1051,.T.);
#1427=ORIENTED_EDGE('',*,*,#1053,.F.);
#1428=ORIENTED_EDGE('',*,*,#1054,.T.);
#1429=ORIENTED_EDGE('',*,*,#1055,.F.);
#1430=ORIENTED_EDGE('',*,*,#1054,.F.);
#1431=ORIENTED_EDGE('',*,*,#1056,.F.);
#1432=ORIENTED_EDGE('',*,*,#1046,.F.);
#1433=ORIENTED_EDGE('',*,*,#1057,.F.);
#1434=ORIENTED_EDGE('',*,*,#1058,.T.);
#1435=ORIENTED_EDGE('',*,*,#1059,.T.);
#1436=ORIENTED_EDGE('',*,*,#1058,.F.);
#1437=ORIENTED_EDGE('',*,*,#1060,.F.);
#1438=ORIENTED_EDGE('',*,*,#1061,.T.);
#1439=ORIENTED_EDGE('',*,*,#1062,.T.);
#1440=ORIENTED_EDGE('',*,*,#1061,.F.);
#1441=ORIENTED_EDGE('',*,*,#1063,.F.);
#1442=ORIENTED_EDGE('',*,*,#1064,.T.);
#1443=ORIENTED_EDGE('',*,*,#1065,.T.);
#1444=ORIENTED_EDGE('',*,*,#1064,.F.);
#1445=ORIENTED_EDGE('',*,*,#1066,.F.);
#1446=ORIENTED_EDGE('',*,*,#1067,.T.);
#1447=ORIENTED_EDGE('',*,*,#1068,.T.);
#1448=ORIENTED_EDGE('',*,*,#1067,.F.);
#1449=ORIENTED_EDGE('',*,*,#1069,.T.);
#1450=ORIENTED_EDGE('',*,*,#1070,.T.);
#1451=ORIENTED_EDGE('',*,*,#1071,.F.);
#1452=ORIENTED_EDGE('',*,*,#1072,.F.);
#1453=ORIENTED_EDGE('',*,*,#1073,.T.);
#1454=ORIENTED_EDGE('',*,*,#1072,.T.);
#1455=ORIENTED_EDGE('',*,*,#1074,.F.);
#1456=ORIENTED_EDGE('',*,*,#1075,.F.);
#1457=ORIENTED_EDGE('',*,*,#1052,.T.);
#1458=ORIENTED_EDGE('',*,*,#1055,.T.);
#1459=ORIENTED_EDGE('',*,*,#1045,.T.);
#1460=ORIENTED_EDGE('',*,*,#1049,.T.);
#1461=ORIENTED_EDGE('',*,*,#1076,.T.);
#1462=ORIENTED_EDGE('',*,*,#1075,.T.);
#1463=ORIENTED_EDGE('',*,*,#1077,.F.);
#1464=ORIENTED_EDGE('',*,*,#1078,.F.);
#1465=ORIENTED_EDGE('',*,*,#1079,.T.);
#1466=ORIENTED_EDGE('',*,*,#1078,.T.);
#1467=ORIENTED_EDGE('',*,*,#1080,.F.);
#1468=ORIENTED_EDGE('',*,*,#1070,.F.);
#1469=ORIENTED_EDGE('',*,*,#1081,.F.);
#1470=ORIENTED_EDGE('',*,*,#1082,.T.);
#1471=ORIENTED_EDGE('',*,*,#1083,.F.);
#1472=ORIENTED_EDGE('',*,*,#1084,.F.);
#1473=ORIENTED_EDGE('',*,*,#1085,.F.);
#1474=ORIENTED_EDGE('',*,*,#1084,.T.);
#1475=ORIENTED_EDGE('',*,*,#1086,.F.);
#1476=ORIENTED_EDGE('',*,*,#1087,.F.);
#1477=ORIENTED_EDGE('',*,*,#1053,.T.);
#1478=ORIENTED_EDGE('',*,*,#1050,.T.);
#1479=ORIENTED_EDGE('',*,*,#1047,.T.);
#1480=ORIENTED_EDGE('',*,*,#1056,.T.);
#1481=ORIENTED_EDGE('',*,*,#1088,.F.);
#1482=ORIENTED_EDGE('',*,*,#1087,.T.);
#1483=ORIENTED_EDGE('',*,*,#1089,.F.);
#1484=ORIENTED_EDGE('',*,*,#1090,.F.);
#1485=ORIENTED_EDGE('',*,*,#1091,.F.);
#1486=ORIENTED_EDGE('',*,*,#1090,.T.);
#1487=ORIENTED_EDGE('',*,*,#1092,.F.);
#1488=ORIENTED_EDGE('',*,*,#1082,.F.);
#1489=ORIENTED_EDGE('',*,*,#1092,.T.);
#1490=ORIENTED_EDGE('',*,*,#1089,.T.);
#1491=ORIENTED_EDGE('',*,*,#1086,.T.);
#1492=ORIENTED_EDGE('',*,*,#1083,.T.);
#1493=ORIENTED_EDGE('',*,*,#1080,.T.);
#1494=ORIENTED_EDGE('',*,*,#1077,.T.);
#1495=ORIENTED_EDGE('',*,*,#1074,.T.);
#1496=ORIENTED_EDGE('',*,*,#1071,.T.);
#1497=ORIENTED_EDGE('',*,*,#1066,.T.);
#1498=ORIENTED_EDGE('',*,*,#1063,.T.);
#1499=ORIENTED_EDGE('',*,*,#1060,.T.);
#1500=ORIENTED_EDGE('',*,*,#1057,.T.);
#1501=ORIENTED_EDGE('',*,*,#1091,.T.);
#1502=ORIENTED_EDGE('',*,*,#1081,.T.);
#1503=ORIENTED_EDGE('',*,*,#1085,.T.);
#1504=ORIENTED_EDGE('',*,*,#1088,.T.);
#1505=ORIENTED_EDGE('',*,*,#1079,.F.);
#1506=ORIENTED_EDGE('',*,*,#1069,.F.);
#1507=ORIENTED_EDGE('',*,*,#1073,.F.);
#1508=ORIENTED_EDGE('',*,*,#1076,.F.);
#1509=ORIENTED_EDGE('',*,*,#1068,.F.);
#1510=ORIENTED_EDGE('',*,*,#1065,.F.);
#1511=ORIENTED_EDGE('',*,*,#1062,.F.);
#1512=ORIENTED_EDGE('',*,*,#1059,.F.);
#1513=ORIENTED_EDGE('',*,*,#1093,.F.);
#1514=ORIENTED_EDGE('',*,*,#1094,.T.);
#1515=ORIENTED_EDGE('',*,*,#1095,.F.);
#1516=ORIENTED_EDGE('',*,*,#1096,.F.);
#1517=ORIENTED_EDGE('',*,*,#1097,.F.);
#1518=ORIENTED_EDGE('',*,*,#1096,.T.);
#1519=ORIENTED_EDGE('',*,*,#1098,.F.);
#1520=ORIENTED_EDGE('',*,*,#1099,.F.);
#1521=ORIENTED_EDGE('',*,*,#1100,.F.);
#1522=ORIENTED_EDGE('',*,*,#1099,.T.);
#1523=ORIENTED_EDGE('',*,*,#1101,.F.);
#1524=ORIENTED_EDGE('',*,*,#1102,.F.);
#1525=ORIENTED_EDGE('',*,*,#1103,.F.);
#1526=ORIENTED_EDGE('',*,*,#1102,.T.);
#1527=ORIENTED_EDGE('',*,*,#1104,.F.);
#1528=ORIENTED_EDGE('',*,*,#1094,.F.);
#1529=ORIENTED_EDGE('',*,*,#1104,.T.);
#1530=ORIENTED_EDGE('',*,*,#1101,.T.);
#1531=ORIENTED_EDGE('',*,*,#1098,.T.);
#1532=ORIENTED_EDGE('',*,*,#1095,.T.);
#1533=ORIENTED_EDGE('',*,*,#1103,.T.);
#1534=ORIENTED_EDGE('',*,*,#1093,.T.);
#1535=ORIENTED_EDGE('',*,*,#1097,.T.);
#1536=ORIENTED_EDGE('',*,*,#1100,.T.);
#1537=CYLINDRICAL_SURFACE('',#1639,1.45);
#1538=CYLINDRICAL_SURFACE('',#1642,1.45);
#1539=CYLINDRICAL_SURFACE('',#1645,1.45);
#1540=CYLINDRICAL_SURFACE('',#1648,1.45);
#1541=CYLINDRICAL_SURFACE('',#1705,1.45);
#1542=CYLINDRICAL_SURFACE('',#1708,1.45);
#1543=CYLINDRICAL_SURFACE('',#1711,1.45);
#1544=CYLINDRICAL_SURFACE('',#1714,1.45);
#1545=ADVANCED_FACE('',(#131),#1537,.F.);
#1546=ADVANCED_FACE('',(#132),#1538,.F.);
#1547=ADVANCED_FACE('',(#133),#1539,.F.);
#1548=ADVANCED_FACE('',(#134),#1540,.F.);
#1549=ADVANCED_FACE('',(#135),#61,.T.);
#1550=ADVANCED_FACE('',(#136),#62,.T.);
#1551=ADVANCED_FACE('',(#137),#63,.T.);
#1552=ADVANCED_FACE('',(#138),#64,.T.);
#1553=ADVANCED_FACE('',(#139),#65,.T.);
#1554=ADVANCED_FACE('',(#140),#66,.T.);
#1555=ADVANCED_FACE('',(#141),#67,.T.);
#1556=ADVANCED_FACE('',(#142),#68,.T.);
#1557=ADVANCED_FACE('',(#143),#69,.T.);
#1558=ADVANCED_FACE('',(#144),#70,.T.);
#1559=ADVANCED_FACE('',(#145),#71,.T.);
#1560=ADVANCED_FACE('',(#146),#72,.T.);
#1561=ADVANCED_FACE('',(#147),#73,.T.);
#1562=ADVANCED_FACE('',(#148),#74,.T.);
#1563=ADVANCED_FACE('',(#149),#75,.T.);
#1564=ADVANCED_FACE('',(#150),#76,.T.);
#1565=ADVANCED_FACE('',(#151),#77,.T.);
#1566=ADVANCED_FACE('',(#152),#78,.T.);
#1567=ADVANCED_FACE('',(#153),#79,.T.);
#1568=ADVANCED_FACE('',(#154),#80,.T.);
#1569=ADVANCED_FACE('',(#155),#81,.T.);
#1570=ADVANCED_FACE('',(#156),#82,.T.);
#1571=ADVANCED_FACE('',(#157),#83,.T.);
#1572=ADVANCED_FACE('',(#158),#84,.T.);
#1573=ADVANCED_FACE('',(#159),#85,.T.);
#1574=ADVANCED_FACE('',(#160),#86,.T.);
#1575=ADVANCED_FACE('',(#161),#87,.T.);
#1576=ADVANCED_FACE('',(#162),#88,.T.);
#1577=ADVANCED_FACE('',(#163),#89,.T.);
#1578=ADVANCED_FACE('',(#164),#90,.T.);
#1579=ADVANCED_FACE('',(#165),#91,.T.);
#1580=ADVANCED_FACE('',(#166),#92,.T.);
#1581=ADVANCED_FACE('',(#167),#93,.T.);
#1582=ADVANCED_FACE('',(#168),#94,.T.);
#1583=ADVANCED_FACE('',(#169),#95,.T.);
#1584=ADVANCED_FACE('',(#170),#96,.T.);
#1585=ADVANCED_FACE('',(#171),#97,.T.);
#1586=ADVANCED_FACE('',(#172),#98,.T.);
#1587=ADVANCED_FACE('',(#173),#99,.T.);
#1588=ADVANCED_FACE('',(#174),#100,.T.);
#1589=ADVANCED_FACE('',(#175),#101,.T.);
#1590=ADVANCED_FACE('',(#176),#102,.T.);
#1591=ADVANCED_FACE('',(#177),#103,.T.);
#1592=ADVANCED_FACE('',(#178),#104,.T.);
#1593=ADVANCED_FACE('',(#179),#105,.T.);
#1594=ADVANCED_FACE('',(#180),#106,.T.);
#1595=ADVANCED_FACE('',(#181),#107,.T.);
#1596=ADVANCED_FACE('',(#182),#108,.T.);
#1597=ADVANCED_FACE('',(#183,#19,#20,#21,#22,#23,#24,#25,#26,#27,#28,#29,
#30,#31,#32,#33),#109,.T.);
#1598=ADVANCED_FACE('',(#184,#34,#35,#36,#37,#38,#39,#40,#41,#42,#43,#44,
#45,#46,#47,#48),#110,.F.);
#1599=ADVANCED_FACE('',(#185),#111,.F.);
#1600=ADVANCED_FACE('',(#186),#112,.F.);
#1601=ADVANCED_FACE('',(#187),#113,.F.);
#1602=ADVANCED_FACE('',(#188),#114,.F.);
#1603=ADVANCED_FACE('',(#189),#1541,.F.);
#1604=ADVANCED_FACE('',(#190),#1542,.F.);
#1605=ADVANCED_FACE('',(#191),#1543,.F.);
#1606=ADVANCED_FACE('',(#192),#1544,.F.);
#1607=ADVANCED_FACE('',(#193),#115,.T.);
#1608=ADVANCED_FACE('',(#194,#49),#116,.T.);
#1609=ADVANCED_FACE('',(#195),#117,.T.);
#1610=ADVANCED_FACE('',(#196),#118,.T.);
#1611=ADVANCED_FACE('',(#197),#119,.T.);
#1612=ADVANCED_FACE('',(#198,#50),#120,.T.);
#1613=ADVANCED_FACE('',(#199),#121,.T.);
#1614=ADVANCED_FACE('',(#200),#122,.T.);
#1615=ADVANCED_FACE('',(#201,#51,#52,#53,#54,#55),#123,.T.);
#1616=ADVANCED_FACE('',(#202,#56,#57,#58,#59,#60),#124,.F.);
#1617=ADVANCED_FACE('',(#203),#125,.T.);
#1618=ADVANCED_FACE('',(#204),#126,.T.);
#1619=ADVANCED_FACE('',(#205),#127,.T.);
#1620=ADVANCED_FACE('',(#206),#128,.T.);
#1621=ADVANCED_FACE('',(#207),#129,.T.);
#1622=ADVANCED_FACE('',(#208),#130,.F.);
#1623=CLOSED_SHELL('',(#1545,#1546,#1547,#1548,#1549,#1550,#1551,#1552,
#1553,#1554,#1555,#1556,#1557,#1558,#1559,#1560,#1561,#1562,#1563,#1564,
#1565,#1566,#1567,#1568,#1569,#1570,#1571,#1572,#1573,#1574,#1575,#1576,
#1577,#1578,#1579,#1580,#1581,#1582,#1583,#1584,#1585,#1586,#1587,#1588,
#1589,#1590,#1591,#1592,#1593,#1594,#1595,#1596,#1597,#1598));
#1624=CLOSED_SHELL('',(#1599,#1600,#1601,#1602,#1603,#1604,#1605,#1606,
#1607,#1608,#1609,#1610,#1611,#1612,#1613,#1614,#1615,#1616));
#1625=CLOSED_SHELL('',(#1617,#1618,#1619,#1620,#1621,#1622));
#1626=DERIVED_UNIT_ELEMENT(#1628,1.);
#1627=DERIVED_UNIT_ELEMENT(#2567,-3.);
#1628=(
MASS_UNIT()
NAMED_UNIT(*)
SI_UNIT(.KILO.,.GRAM.)
);
#1629=DERIVED_UNIT((#1626,#1627));
#1630=MEASURE_REPRESENTATION_ITEM('density measure',
POSITIVE_RATIO_MEASURE(7850.),#1629);
#1631=PROPERTY_DEFINITION_REPRESENTATION(#1636,#1633);
#1632=PROPERTY_DEFINITION_REPRESENTATION(#1637,#1634);
#1633=REPRESENTATION('material name',(#1635),#2564);
#1634=REPRESENTATION('density',(#1630),#2564);
#1635=DESCRIPTIVE_REPRESENTATION_ITEM('Steel','Steel');
#1636=PROPERTY_DEFINITION('material property','material name',#2574);
#1637=PROPERTY_DEFINITION('material property','density of part',#2574);
#1638=AXIS2_PLACEMENT_3D('',#2123,#1733,#1734);
#1639=AXIS2_PLACEMENT_3D('',#2124,#1735,#1736);
#1640=AXIS2_PLACEMENT_3D('',#2126,#1737,#1738);
#1641=AXIS2_PLACEMENT_3D('',#2129,#1740,#1741);
#1642=AXIS2_PLACEMENT_3D('',#2130,#1742,#1743);
#1643=AXIS2_PLACEMENT_3D('',#2132,#1744,#1745);
#1644=AXIS2_PLACEMENT_3D('',#2135,#1747,#1748);
#1645=AXIS2_PLACEMENT_3D('',#2136,#1749,#1750);
#1646=AXIS2_PLACEMENT_3D('',#2138,#1751,#1752);
#1647=AXIS2_PLACEMENT_3D('',#2141,#1754,#1755);
#1648=AXIS2_PLACEMENT_3D('',#2142,#1756,#1757);
#1649=AXIS2_PLACEMENT_3D('',#2144,#1758,#1759);
#1650=AXIS2_PLACEMENT_3D('',#2147,#1761,#1762);
#1651=AXIS2_PLACEMENT_3D('',#2148,#1763,#1764);
#1652=AXIS2_PLACEMENT_3D('',#2157,#1769,#1770);
#1653=AXIS2_PLACEMENT_3D('',#2163,#1774,#1775);
#1654=AXIS2_PLACEMENT_3D('',#2169,#1779,#1780);
#1655=AXIS2_PLACEMENT_3D('',#2172,#1783,#1784);
#1656=AXIS2_PLACEMENT_3D('',#2181,#1789,#1790);
#1657=AXIS2_PLACEMENT_3D('',#2187,#1794,#1795);
#1658=AXIS2_PLACEMENT_3D('',#2193,#1799,#1800);
#1659=AXIS2_PLACEMENT_3D('',#2196,#1803,#1804);
#1660=AXIS2_PLACEMENT_3D('',#2205,#1809,#1810);
#1661=AXIS2_PLACEMENT_3D('',#2211,#1814,#1815);
#1662=AXIS2_PLACEMENT_3D('',#2217,#1819,#1820);
#1663=AXIS2_PLACEMENT_3D('',#2220,#1823,#1824);
#1664=AXIS2_PLACEMENT_3D('',#2229,#1829,#1830);
#1665=AXIS2_PLACEMENT_3D('',#2235,#1834,#1835);
#1666=AXIS2_PLACEMENT_3D('',#2241,#1839,#1840);
#1667=AXIS2_PLACEMENT_3D('',#2244,#1843,#1844);
#1668=AXIS2_PLACEMENT_3D('',#2253,#1849,#1850);
#1669=AXIS2_PLACEMENT_3D('',#2259,#1854,#1855);
#1670=AXIS2_PLACEMENT_3D('',#2265,#1859,#1860);
#1671=AXIS2_PLACEMENT_3D('',#2268,#1863,#1864);
#1672=AXIS2_PLACEMENT_3D('',#2277,#1869,#1870);
#1673=AXIS2_PLACEMENT_3D('',#2283,#1874,#1875);
#1674=AXIS2_PLACEMENT_3D('',#2289,#1879,#1880);
#1675=AXIS2_PLACEMENT_3D('',#2292,#1883,#1884);
#1676=AXIS2_PLACEMENT_3D('',#2301,#1889,#1890);
#1677=AXIS2_PLACEMENT_3D('',#2307,#1894,#1895);
#1678=AXIS2_PLACEMENT_3D('',#2313,#1899,#1900);
#1679=AXIS2_PLACEMENT_3D('',#2316,#1903,#1904);
#1680=AXIS2_PLACEMENT_3D('',#2325,#1909,#1910);
#1681=AXIS2_PLACEMENT_3D('',#2331,#1914,#1915);
#1682=AXIS2_PLACEMENT_3D('',#2337,#1919,#1920);
#1683=AXIS2_PLACEMENT_3D('',#2340,#1923,#1924);
#1684=AXIS2_PLACEMENT_3D('',#2349,#1929,#1930);
#1685=AXIS2_PLACEMENT_3D('',#2355,#1934,#1935);
#1686=AXIS2_PLACEMENT_3D('',#2361,#1939,#1940);
#1687=AXIS2_PLACEMENT_3D('',#2364,#1943,#1944);
#1688=AXIS2_PLACEMENT_3D('',#2373,#1949,#1950);
#1689=AXIS2_PLACEMENT_3D('',#2379,#1954,#1955);
#1690=AXIS2_PLACEMENT_3D('',#2385,#1959,#1960);
#1691=AXIS2_PLACEMENT_3D('',#2388,#1963,#1964);
#1692=AXIS2_PLACEMENT_3D('',#2397,#1969,#1970);
#1693=AXIS2_PLACEMENT_3D('',#2403,#1974,#1975);
#1694=AXIS2_PLACEMENT_3D('',#2409,#1979,#1980);
#1695=AXIS2_PLACEMENT_3D('',#2412,#1983,#1984);
#1696=AXIS2_PLACEMENT_3D('',#2421,#1989,#1990);
#1697=AXIS2_PLACEMENT_3D('',#2427,#1994,#1995);
#1698=AXIS2_PLACEMENT_3D('',#2433,#1999,#2000);
#1699=AXIS2_PLACEMENT_3D('',#2436,#2003,#2004);
#1700=AXIS2_PLACEMENT_3D('',#2437,#2005,#2006);
#1701=AXIS2_PLACEMENT_3D('',#2438,#2007,#2008);
#1702=AXIS2_PLACEMENT_3D('',#2447,#2013,#2014);
#1703=AXIS2_PLACEMENT_3D('',#2453,#2018,#2019);
#1704=AXIS2_PLACEMENT_3D('',#2459,#2023,#2024);
#1705=AXIS2_PLACEMENT_3D('',#2462,#2027,#2028);
#1706=AXIS2_PLACEMENT_3D('',#2464,#2029,#2030);
#1707=AXIS2_PLACEMENT_3D('',#2467,#2032,#2033);
#1708=AXIS2_PLACEMENT_3D('',#2468,#2034,#2035);
#1709=AXIS2_PLACEMENT_3D('',#2470,#2036,#2037);
#1710=AXIS2_PLACEMENT_3D('',#2473,#2039,#2040);
#1711=AXIS2_PLACEMENT_3D('',#2474,#2041,#2042);
#1712=AXIS2_PLACEMENT_3D('',#2476,#2043,#2044);
#1713=AXIS2_PLACEMENT_3D('',#2479,#2046,#2047);
#1714=AXIS2_PLACEMENT_3D('',#2480,#2048,#2049);
#1715=AXIS2_PLACEMENT_3D('',#2482,#2050,#2051);
#1716=AXIS2_PLACEMENT_3D('',#2485,#2053,#2054);
#1717=AXIS2_PLACEMENT_3D('',#2486,#2055,#2056);
#1718=AXIS2_PLACEMENT_3D('',#2495,#2061,#2062);
#1719=AXIS2_PLACEMENT_3D('',#2501,#2066,#2067);
#1720=AXIS2_PLACEMENT_3D('',#2507,#2071,#2072);
#1721=AXIS2_PLACEMENT_3D('',#2510,#2075,#2076);
#1722=AXIS2_PLACEMENT_3D('',#2519,#2081,#2082);
#1723=AXIS2_PLACEMENT_3D('',#2525,#2086,#2087);
#1724=AXIS2_PLACEMENT_3D('',#2531,#2091,#2092);
#1725=AXIS2_PLACEMENT_3D('',#2534,#2095,#2096);
#1726=AXIS2_PLACEMENT_3D('',#2535,#2097,#2098);
#1727=AXIS2_PLACEMENT_3D('',#2536,#2099,#2100);
#1728=AXIS2_PLACEMENT_3D('',#2545,#2105,#2106);
#1729=AXIS2_PLACEMENT_3D('',#2551,#2110,#2111);
#1730=AXIS2_PLACEMENT_3D('',#2557,#2115,#2116);
#1731=AXIS2_PLACEMENT_3D('',#2560,#2119,#2120);
#1732=AXIS2_PLACEMENT_3D('',#2561,#2121,#2122);
#1733=DIRECTION('axis',(0.,0.,1.));
#1734=DIRECTION('refdir',(1.,0.,0.));
#1735=DIRECTION('center_axis',(0.,-1.,0.));
#1736=DIRECTION('ref_axis',(-1.,0.,0.));
#1737=DIRECTION('center_axis',(0.,-1.,0.));
#1738=DIRECTION('ref_axis',(-1.,0.,0.));
#1739=DIRECTION('',(0.,-1.,0.));
#1740=DIRECTION('center_axis',(0.,1.,0.));
#1741=DIRECTION('ref_axis',(-1.,0.,0.));
#1742=DIRECTION('center_axis',(0.,-1.,0.));
#1743=DIRECTION('ref_axis',(-1.,0.,0.));
#1744=DIRECTION('center_axis',(0.,-1.,0.));
#1745=DIRECTION('ref_axis',(-1.,0.,0.));
#1746=DIRECTION('',(0.,-1.,0.));
#1747=DIRECTION('center_axis',(0.,1.,0.));
#1748=DIRECTION('ref_axis',(-1.,0.,0.));
#1749=DIRECTION('center_axis',(0.,-1.,0.));
#1750=DIRECTION('ref_axis',(-1.,0.,0.));
#1751=DIRECTION('center_axis',(0.,-1.,0.));
#1752=DIRECTION('ref_axis',(-1.,0.,0.));
#1753=DIRECTION('',(0.,-1.,0.));
#1754=DIRECTION('center_axis',(0.,1.,0.));
#1755=DIRECTION('ref_axis',(-1.,0.,0.));
#1756=DIRECTION('center_axis',(0.,-1.,0.));
#1757=DIRECTION('ref_axis',(-1.,0.,0.));
#1758=DIRECTION('center_axis',(0.,-1.,0.));
#1759=DIRECTION('ref_axis',(-1.,0.,0.));
#1760=DIRECTION('',(0.,-1.,0.));
#1761=DIRECTION('center_axis',(0.,1.,0.));
#1762=DIRECTION('ref_axis',(-1.,0.,0.));
#1763=DIRECTION('center_axis',(-1.,0.,0.));
#1764=DIRECTION('ref_axis',(0.,0.,1.));
#1765=DIRECTION('',(0.,0.,1.));
#1766=DIRECTION('',(0.,1.,0.));
#1767=DIRECTION('',(0.,0.,1.));
#1768=DIRECTION('',(0.,1.,0.));
#1769=DIRECTION('center_axis',(0.,0.,1.));
#1770=DIRECTION('ref_axis',(1.,0.,0.));
#1771=DIRECTION('',(1.,0.,0.));
#1772=DIRECTION('',(1.,0.,0.));
#1773=DIRECTION('',(0.,1.,0.));
#1774=DIRECTION('center_axis',(1.,0.,0.));
#1775=DIRECTION('ref_axis',(0.,0.,-1.));
#1776=DIRECTION('',(0.,0.,-1.));
#1777=DIRECTION('',(0.,0.,-1.));
#1778=DIRECTION('',(0.,1.,0.));
#1779=DIRECTION('center_axis',(0.,0.,-1.));
#1780=DIRECTION('ref_axis',(-1.,0.,0.));
#1781=DIRECTION('',(-1.,0.,0.));
#1782=DIRECTION('',(-1.,0.,0.));
#1783=DIRECTION('center_axis',(-1.,0.,0.));
#1784=DIRECTION('ref_axis',(0.,0.,1.));
#1785=DIRECTION('',(0.,0.,1.));
#1786=DIRECTION('',(0.,1.,0.));
#1787=DIRECTION('',(0.,0.,1.));
#1788=DIRECTION('',(0.,1.,0.));
#1789=DIRECTION('center_axis',(0.,0.,1.));
#1790=DIRECTION('ref_axis',(1.,0.,0.));
#1791=DIRECTION('',(1.,0.,0.));
#1792=DIRECTION('',(1.,0.,0.));
#1793=DIRECTION('',(0.,1.,0.));
#1794=DIRECTION('center_axis',(1.,0.,0.));
#1795=DIRECTION('ref_axis',(0.,0.,-1.));
#1796=DIRECTION('',(0.,0.,-1.));
#1797=DIRECTION('',(0.,0.,-1.));
#1798=DIRECTION('',(0.,1.,0.));
#1799=DIRECTION('center_axis',(0.,0.,-1.));
#1800=DIRECTION('ref_axis',(-1.,0.,0.));
#1801=DIRECTION('',(-1.,0.,0.));
#1802=DIRECTION('',(-1.,0.,0.));
#1803=DIRECTION('center_axis',(-1.,0.,0.));
#1804=DIRECTION('ref_axis',(0.,0.,1.));
#1805=DIRECTION('',(0.,0.,1.));
#1806=DIRECTION('',(0.,1.,0.));
#1807=DIRECTION('',(0.,0.,1.));
#1808=DIRECTION('',(0.,1.,0.));
#1809=DIRECTION('center_axis',(0.,0.,1.));
#1810=DIRECTION('ref_axis',(1.,0.,0.));
#1811=DIRECTION('',(1.,0.,0.));
#1812=DIRECTION('',(1.,0.,0.));
#1813=DIRECTION('',(0.,1.,0.));
#1814=DIRECTION('center_axis',(1.,0.,0.));
#1815=DIRECTION('ref_axis',(0.,0.,-1.));
#1816=DIRECTION('',(0.,0.,-1.));
#1817=DIRECTION('',(0.,0.,-1.));
#1818=DIRECTION('',(0.,1.,0.));
#1819=DIRECTION('center_axis',(0.,0.,-1.));
#1820=DIRECTION('ref_axis',(-1.,0.,0.));
#1821=DIRECTION('',(-1.,0.,0.));
#1822=DIRECTION('',(-1.,0.,0.));
#1823=DIRECTION('center_axis',(-1.,0.,0.));
#1824=DIRECTION('ref_axis',(0.,0.,1.));
#1825=DIRECTION('',(0.,0.,1.));
#1826=DIRECTION('',(0.,1.,0.));
#1827=DIRECTION('',(0.,0.,1.));
#1828=DIRECTION('',(0.,1.,0.));
#1829=DIRECTION('center_axis',(0.,0.,1.));
#1830=DIRECTION('ref_axis',(1.,0.,0.));
#1831=DIRECTION('',(1.,0.,0.));
#1832=DIRECTION('',(1.,0.,0.));
#1833=DIRECTION('',(0.,1.,0.));
#1834=DIRECTION('center_axis',(1.,0.,0.));
#1835=DIRECTION('ref_axis',(0.,0.,-1.));
#1836=DIRECTION('',(0.,0.,-1.));
#1837=DIRECTION('',(0.,0.,-1.));
#1838=DIRECTION('',(0.,1.,0.));
#1839=DIRECTION('center_axis',(0.,0.,-1.));
#1840=DIRECTION('ref_axis',(-1.,0.,0.));
#1841=DIRECTION('',(-1.,0.,0.));
#1842=DIRECTION('',(-1.,0.,0.));
#1843=DIRECTION('center_axis',(-1.,0.,0.));
#1844=DIRECTION('ref_axis',(0.,0.,1.));
#1845=DIRECTION('',(0.,0.,1.));
#1846=DIRECTION('',(0.,1.,0.));
#1847=DIRECTION('',(0.,0.,1.));
#1848=DIRECTION('',(0.,1.,0.));
#1849=DIRECTION('center_axis',(0.,0.,1.));
#1850=DIRECTION('ref_axis',(1.,0.,0.));
#1851=DIRECTION('',(1.,0.,0.));
#1852=DIRECTION('',(1.,0.,0.));
#1853=DIRECTION('',(0.,1.,0.));
#1854=DIRECTION('center_axis',(1.,0.,0.));
#1855=DIRECTION('ref_axis',(0.,0.,-1.));
#1856=DIRECTION('',(0.,0.,-1.));
#1857=DIRECTION('',(0.,0.,-1.));
#1858=DIRECTION('',(0.,1.,0.));
#1859=DIRECTION('center_axis',(0.,0.,-1.));
#1860=DIRECTION('ref_axis',(-1.,0.,0.));
#1861=DIRECTION('',(-1.,0.,0.));
#1862=DIRECTION('',(-1.,0.,0.));
#1863=DIRECTION('center_axis',(-1.,0.,0.));
#1864=DIRECTION('ref_axis',(0.,0.,1.));
#1865=DIRECTION('',(0.,0.,1.));
#1866=DIRECTION('',(0.,1.,0.));
#1867=DIRECTION('',(0.,0.,1.));
#1868=DIRECTION('',(0.,1.,0.));
#1869=DIRECTION('center_axis',(0.,0.,1.));
#1870=DIRECTION('ref_axis',(1.,0.,0.));
#1871=DIRECTION('',(1.,0.,0.));
#1872=DIRECTION('',(1.,0.,0.));
#1873=DIRECTION('',(0.,1.,0.));
#1874=DIRECTION('center_axis',(1.,0.,0.));
#1875=DIRECTION('ref_axis',(0.,0.,-1.));
#1876=DIRECTION('',(0.,0.,-1.));
#1877=DIRECTION('',(0.,0.,-1.));
#1878=DIRECTION('',(0.,1.,0.));
#1879=DIRECTION('center_axis',(0.,0.,-1.));
#1880=DIRECTION('ref_axis',(-1.,0.,0.));
#1881=DIRECTION('',(-1.,0.,0.));
#1882=DIRECTION('',(-1.,0.,0.));
#1883=DIRECTION('center_axis',(-1.,0.,0.));
#1884=DIRECTION('ref_axis',(0.,0.,1.));
#1885=DIRECTION('',(0.,0.,1.));
#1886=DIRECTION('',(0.,1.,0.));
#1887=DIRECTION('',(0.,0.,1.));
#1888=DIRECTION('',(0.,1.,0.));
#1889=DIRECTION('center_axis',(0.,0.,1.));
#1890=DIRECTION('ref_axis',(1.,0.,0.));
#1891=DIRECTION('',(1.,0.,0.));
#1892=DIRECTION('',(1.,0.,0.));
#1893=DIRECTION('',(0.,1.,0.));
#1894=DIRECTION('center_axis',(1.,0.,0.));
#1895=DIRECTION('ref_axis',(0.,0.,-1.));
#1896=DIRECTION('',(0.,0.,-1.));
#1897=DIRECTION('',(0.,0.,-1.));
#1898=DIRECTION('',(0.,1.,0.));
#1899=DIRECTION('center_axis',(0.,0.,-1.));
#1900=DIRECTION('ref_axis',(-1.,0.,0.));
#1901=DIRECTION('',(-1.,0.,0.));
#1902=DIRECTION('',(-1.,0.,0.));
#1903=DIRECTION('center_axis',(-1.,0.,0.));
#1904=DIRECTION('ref_axis',(0.,0.,1.));
#1905=DIRECTION('',(0.,0.,1.));
#1906=DIRECTION('',(0.,1.,0.));
#1907=DIRECTION('',(0.,0.,1.));
#1908=DIRECTION('',(0.,1.,0.));
#1909=DIRECTION('center_axis',(0.,0.,1.));
#1910=DIRECTION('ref_axis',(1.,0.,0.));
#1911=DIRECTION('',(1.,0.,0.));
#1912=DIRECTION('',(1.,0.,0.));
#1913=DIRECTION('',(0.,1.,0.));
#1914=DIRECTION('center_axis',(1.,0.,0.));
#1915=DIRECTION('ref_axis',(0.,0.,-1.));
#1916=DIRECTION('',(0.,0.,-1.));
#1917=DIRECTION('',(0.,0.,-1.));
#1918=DIRECTION('',(0.,1.,0.));
#1919=DIRECTION('center_axis',(0.,0.,-1.));
#1920=DIRECTION('ref_axis',(-1.,0.,0.));
#1921=DIRECTION('',(-1.,0.,0.));
#1922=DIRECTION('',(-1.,0.,0.));
#1923=DIRECTION('center_axis',(-1.,0.,0.));
#1924=DIRECTION('ref_axis',(0.,0.,1.));
#1925=DIRECTION('',(0.,0.,1.));
#1926=DIRECTION('',(0.,1.,0.));
#1927=DIRECTION('',(0.,0.,1.));
#1928=DIRECTION('',(0.,1.,0.));
#1929=DIRECTION('center_axis',(0.,0.,1.));
#1930=DIRECTION('ref_axis',(1.,0.,0.));
#1931=DIRECTION('',(1.,0.,0.));
#1932=DIRECTION('',(1.,0.,0.));
#1933=DIRECTION('',(0.,1.,0.));
#1934=DIRECTION('center_axis',(1.,0.,0.));
#1935=DIRECTION('ref_axis',(0.,0.,-1.));
#1936=DIRECTION('',(0.,0.,-1.));
#1937=DIRECTION('',(0.,0.,-1.));
#1938=DIRECTION('',(0.,1.,0.));
#1939=DIRECTION('center_axis',(0.,0.,-1.));
#1940=DIRECTION('ref_axis',(-1.,0.,0.));
#1941=DIRECTION('',(-1.,0.,0.));
#1942=DIRECTION('',(-1.,0.,0.));
#1943=DIRECTION('center_axis',(-1.,0.,0.));
#1944=DIRECTION('ref_axis',(0.,0.,1.));
#1945=DIRECTION('',(0.,0.,1.));
#1946=DIRECTION('',(0.,1.,0.));
#1947=DIRECTION('',(0.,0.,1.));
#1948=DIRECTION('',(0.,1.,0.));
#1949=DIRECTION('center_axis',(0.,0.,1.));
#1950=DIRECTION('ref_axis',(1.,0.,0.));
#1951=DIRECTION('',(1.,0.,0.));
#1952=DIRECTION('',(1.,0.,0.));
#1953=DIRECTION('',(0.,1.,0.));
#1954=DIRECTION('center_axis',(1.,0.,0.));
#1955=DIRECTION('ref_axis',(0.,0.,-1.));
#1956=DIRECTION('',(0.,0.,-1.));
#1957=DIRECTION('',(0.,0.,-1.));
#1958=DIRECTION('',(0.,1.,0.));
#1959=DIRECTION('center_axis',(0.,0.,-1.));
#1960=DIRECTION('ref_axis',(-1.,0.,0.));
#1961=DIRECTION('',(-1.,0.,0.));
#1962=DIRECTION('',(-1.,0.,0.));
#1963=DIRECTION('center_axis',(-1.,0.,0.));
#1964=DIRECTION('ref_axis',(0.,0.,1.));
#1965=DIRECTION('',(0.,0.,1.));
#1966=DIRECTION('',(0.,1.,0.));
#1967=DIRECTION('',(0.,0.,1.));
#1968=DIRECTION('',(0.,1.,0.));
#1969=DIRECTION('center_axis',(0.,0.,1.));
#1970=DIRECTION('ref_axis',(1.,0.,0.));
#1971=DIRECTION('',(1.,0.,0.));
#1972=DIRECTION('',(1.,0.,0.));
#1973=DIRECTION('',(0.,1.,0.));
#1974=DIRECTION('center_axis',(1.,0.,0.));
#1975=DIRECTION('ref_axis',(0.,0.,-1.));
#1976=DIRECTION('',(0.,0.,-1.));
#1977=DIRECTION('',(0.,0.,-1.));
#1978=DIRECTION('',(0.,1.,0.));
#1979=DIRECTION('center_axis',(0.,0.,-1.));
#1980=DIRECTION('ref_axis',(-1.,0.,0.));
#1981=DIRECTION('',(-1.,0.,0.));
#1982=DIRECTION('',(-1.,0.,0.));
#1983=DIRECTION('center_axis',(-1.,0.,0.));
#1984=DIRECTION('ref_axis',(0.,0.,1.));
#1985=DIRECTION('',(0.,0.,-1.));
#1986=DIRECTION('',(0.,1.,0.));
#1987=DIRECTION('',(0.,0.,1.));
#1988=DIRECTION('',(0.,1.,0.));
#1989=DIRECTION('center_axis',(0.,0.,-1.));
#1990=DIRECTION('ref_axis',(-1.,0.,0.));
#1991=DIRECTION('',(1.,0.,0.));
#1992=DIRECTION('',(-1.,0.,0.));
#1993=DIRECTION('',(0.,1.,0.));
#1994=DIRECTION('center_axis',(1.,0.,0.));
#1995=DIRECTION('ref_axis',(0.,0.,-1.));
#1996=DIRECTION('',(0.,0.,1.));
#1997=DIRECTION('',(0.,0.,-1.));
#1998=DIRECTION('',(0.,1.,0.));
#1999=DIRECTION('center_axis',(0.,0.,1.));
#2000=DIRECTION('ref_axis',(1.,0.,0.));
#2001=DIRECTION('',(-1.,0.,0.));
#2002=DIRECTION('',(1.,0.,0.));
#2003=DIRECTION('center_axis',(0.,1.,0.));
#2004=DIRECTION('ref_axis',(0.,0.,1.));
#2005=DIRECTION('center_axis',(0.,1.,0.));
#2006=DIRECTION('ref_axis',(1.,0.,0.));
#2007=DIRECTION('center_axis',(-1.,0.,0.));
#2008=DIRECTION('ref_axis',(0.,1.,0.));
#2009=DIRECTION('',(0.,1.,0.));
#2010=DIRECTION('',(0.,0.,-1.));
#2011=DIRECTION('',(0.,-1.,0.));
#2012=DIRECTION('',(0.,0.,-1.));
#2013=DIRECTION('center_axis',(0.,1.,0.));
#2014=DIRECTION('ref_axis',(1.,0.,0.));
#2015=DIRECTION('',(1.,0.,0.));
#2016=DIRECTION('',(-1.,0.,0.));
#2017=DIRECTION('',(0.,0.,-1.));
#2018=DIRECTION('center_axis',(1.,0.,0.));
#2019=DIRECTION('ref_axis',(0.,-1.,0.));
#2020=DIRECTION('',(0.,-1.,0.));
#2021=DIRECTION('',(0.,1.,0.));
#2022=DIRECTION('',(0.,0.,1.));
#2023=DIRECTION('center_axis',(0.,-1.,0.));
#2024=DIRECTION('ref_axis',(-1.,0.,0.));
#2025=DIRECTION('',(-1.,0.,0.));
#2026=DIRECTION('',(1.,0.,0.));
#2027=DIRECTION('center_axis',(0.,1.,0.));
#2028=DIRECTION('ref_axis',(1.,0.,0.));
#2029=DIRECTION('center_axis',(0.,-1.,0.));
#2030=DIRECTION('ref_axis',(1.,0.,0.));
#2031=DIRECTION('',(0.,-1.,0.));
#2032=DIRECTION('center_axis',(0.,-1.,0.));
#2033=DIRECTION('ref_axis',(1.,0.,0.));
#2034=DIRECTION('center_axis',(0.,1.,0.));
#2035=DIRECTION('ref_axis',(1.,0.,0.));
#2036=DIRECTION('center_axis',(0.,-1.,0.));
#2037=DIRECTION('ref_axis',(1.,0.,0.));
#2038=DIRECTION('',(0.,-1.,0.));
#2039=DIRECTION('center_axis',(0.,-1.,0.));
#2040=DIRECTION('ref_axis',(1.,0.,0.));
#2041=DIRECTION('center_axis',(0.,1.,0.));
#2042=DIRECTION('ref_axis',(1.,0.,0.));
#2043=DIRECTION('center_axis',(0.,-1.,0.));
#2044=DIRECTION('ref_axis',(1.,0.,0.));
#2045=DIRECTION('',(0.,-1.,0.));
#2046=DIRECTION('center_axis',(0.,-1.,0.));
#2047=DIRECTION('ref_axis',(1.,0.,0.));
#2048=DIRECTION('center_axis',(0.,1.,0.));
#2049=DIRECTION('ref_axis',(1.,0.,0.));
#2050=DIRECTION('center_axis',(0.,-1.,0.));
#2051=DIRECTION('ref_axis',(1.,0.,0.));
#2052=DIRECTION('',(0.,-1.,0.));
#2053=DIRECTION('center_axis',(0.,-1.,0.));
#2054=DIRECTION('ref_axis',(1.,0.,0.));
#2055=DIRECTION('center_axis',(-1.,0.,0.));
#2056=DIRECTION('ref_axis',(0.,0.,1.));
#2057=DIRECTION('',(0.,0.,1.));
#2058=DIRECTION('',(0.,1.,0.));
#2059=DIRECTION('',(0.,0.,1.));
#2060=DIRECTION('',(0.,1.,0.));
#2061=DIRECTION('center_axis',(0.,0.,1.));
#2062=DIRECTION('ref_axis',(1.,0.,0.));
#2063=DIRECTION('',(1.,0.,0.));
#2064=DIRECTION('',(1.,0.,0.));
#2065=DIRECTION('',(0.,1.,0.));
#2066=DIRECTION('center_axis',(1.,0.,0.));
#2067=DIRECTION('ref_axis',(0.,0.,-1.));
#2068=DIRECTION('',(0.,0.,-1.));
#2069=DIRECTION('',(0.,0.,-1.));
#2070=DIRECTION('',(0.,1.,0.));
#2071=DIRECTION('center_axis',(0.,0.,-1.));
#2072=DIRECTION('ref_axis',(-1.,0.,0.));
#2073=DIRECTION('',(-1.,0.,0.));
#2074=DIRECTION('',(-1.,0.,0.));
#2075=DIRECTION('center_axis',(-1.,0.,0.));
#2076=DIRECTION('ref_axis',(0.,0.,1.));
#2077=DIRECTION('',(0.,0.,-1.));
#2078=DIRECTION('',(0.,1.,0.));
#2079=DIRECTION('',(0.,0.,1.));
#2080=DIRECTION('',(0.,1.,0.));
#2081=DIRECTION('center_axis',(0.,0.,-1.));
#2082=DIRECTION('ref_axis',(-1.,0.,0.));
#2083=DIRECTION('',(1.,0.,0.));
#2084=DIRECTION('',(-1.,0.,0.));
#2085=DIRECTION('',(0.,1.,0.));
#2086=DIRECTION('center_axis',(1.,0.,0.));
#2087=DIRECTION('ref_axis',(0.,0.,-1.));
#2088=DIRECTION('',(0.,0.,1.));
#2089=DIRECTION('',(0.,0.,-1.));
#2090=DIRECTION('',(0.,1.,0.));
#2091=DIRECTION('center_axis',(0.,0.,1.));
#2092=DIRECTION('ref_axis',(1.,0.,0.));
#2093=DIRECTION('',(-1.,0.,0.));
#2094=DIRECTION('',(1.,0.,0.));
#2095=DIRECTION('center_axis',(0.,1.,0.));
#2096=DIRECTION('ref_axis',(1.,0.,0.));
#2097=DIRECTION('center_axis',(0.,1.,0.));
#2098=DIRECTION('ref_axis',(1.,0.,0.));
#2099=DIRECTION('center_axis',(-1.,0.,0.));
#2100=DIRECTION('ref_axis',(0.,0.,1.));
#2101=DIRECTION('',(0.,0.,-1.));
#2102=DIRECTION('',(0.,1.,0.));
#2103=DIRECTION('',(0.,0.,1.));
#2104=DIRECTION('',(0.,1.,0.));
#2105=DIRECTION('center_axis',(0.,0.,-1.));
#2106=DIRECTION('ref_axis',(-1.,0.,0.));
#2107=DIRECTION('',(1.,0.,0.));
#2108=DIRECTION('',(-1.,0.,0.));
#2109=DIRECTION('',(0.,1.,0.));
#2110=DIRECTION('center_axis',(1.,0.,0.));
#2111=DIRECTION('ref_axis',(0.,0.,-1.));
#2112=DIRECTION('',(0.,0.,1.));
#2113=DIRECTION('',(0.,0.,-1.));
#2114=DIRECTION('',(0.,1.,0.));
#2115=DIRECTION('center_axis',(0.,0.,1.));
#2116=DIRECTION('ref_axis',(1.,0.,0.));
#2117=DIRECTION('',(-1.,0.,0.));
#2118=DIRECTION('',(1.,0.,0.));
#2119=DIRECTION('center_axis',(0.,1.,0.));
#2120=DIRECTION('ref_axis',(0.,0.,1.));
#2121=DIRECTION('center_axis',(0.,1.,0.));
#2122=DIRECTION('ref_axis',(1.,0.,0.));
#2123=CARTESIAN_POINT('',(0.,0.,0.));
#2124=CARTESIAN_POINT('Origin',(160.400126980194,3.,-104.399787541317));
#2125=CARTESIAN_POINT('',(161.850126980194,3.,-104.399787541317));
#2126=CARTESIAN_POINT('Origin',(160.400126980194,3.,-104.399787541317));
#2127=CARTESIAN_POINT('',(161.850126980194,-2.22044604925031E-15,-104.399787541317));
#2128=CARTESIAN_POINT('',(161.850126980194,3.,-104.399787541317));
#2129=CARTESIAN_POINT('Origin',(160.400126980194,0.,-104.399787541317));
#2130=CARTESIAN_POINT('Origin',(160.400126980194,3.,5.00021245868281));
#2131=CARTESIAN_POINT('',(161.850126980194,3.,5.00021245868281));
#2132=CARTESIAN_POINT('Origin',(160.400126980194,3.,5.00021245868281));
#2133=CARTESIAN_POINT('',(161.850126980194,-2.22044604925031E-15,5.00021245868281));
#2134=CARTESIAN_POINT('',(161.850126980194,3.,5.00021245868281));
#2135=CARTESIAN_POINT('Origin',(160.400126980194,0.,5.00021245868281));
#2136=CARTESIAN_POINT('Origin',(85.0001269801941,3.,-104.399787541317));
#2137=CARTESIAN_POINT('',(86.4501269801941,3.,-104.399787541317));
#2138=CARTESIAN_POINT('Origin',(85.0001269801941,3.,-104.399787541317));
#2139=CARTESIAN_POINT('',(86.4501269801941,-2.22044604925031E-15,-104.399787541317));
#2140=CARTESIAN_POINT('',(86.4501269801941,3.,-104.399787541317));
#2141=CARTESIAN_POINT('Origin',(85.0001269801941,0.,-104.399787541317));
#2142=CARTESIAN_POINT('Origin',(85.0001269801941,3.,5.00021245868281));
#2143=CARTESIAN_POINT('',(86.4501269801941,3.,5.00021245868281));
#2144=CARTESIAN_POINT('Origin',(85.0001269801941,3.,5.00021245868281));
#2145=CARTESIAN_POINT('',(86.4501269801941,-2.22044604925031E-15,5.00021245868281));
#2146=CARTESIAN_POINT('',(86.4501269801941,3.,5.00021245868281));
#2147=CARTESIAN_POINT('Origin',(85.0001269801941,0.,5.00021245868281));
#2148=CARTESIAN_POINT('Origin',(109.650126980194,0.,-19.7747875413172));
#2149=CARTESIAN_POINT('',(109.650126980194,0.,-19.7747875413172));
#2150=CARTESIAN_POINT('',(109.650126980194,0.,-5.7747875413172));
#2151=CARTESIAN_POINT('',(109.650126980194,0.,-19.7747875413172));
#2152=CARTESIAN_POINT('',(109.650126980194,3.,-5.7747875413172));
#2153=CARTESIAN_POINT('',(109.650126980194,0.,-5.7747875413172));
#2154=CARTESIAN_POINT('',(109.650126980194,3.,-19.7747875413172));
#2155=CARTESIAN_POINT('',(109.650126980194,3.,-19.7747875413172));
#2156=CARTESIAN_POINT('',(109.650126980194,0.,-19.7747875413172));
#2157=CARTESIAN_POINT('Origin',(95.6501269801941,0.,-19.7747875413172));
#2158=CARTESIAN_POINT('',(95.6501269801941,0.,-19.7747875413172));
#2159=CARTESIAN_POINT('',(95.6501269801941,0.,-19.7747875413172));
#2160=CARTESIAN_POINT('',(95.6501269801941,3.,-19.7747875413172));
#2161=CARTESIAN_POINT('',(95.6501269801941,3.,-19.7747875413172));
#2162=CARTESIAN_POINT('',(95.6501269801941,0.,-19.7747875413172));
#2163=CARTESIAN_POINT('Origin',(95.6501269801941,0.,-5.7747875413172));
#2164=CARTESIAN_POINT('',(95.6501269801941,0.,-5.7747875413172));
#2165=CARTESIAN_POINT('',(95.6501269801941,0.,-5.7747875413172));
#2166=CARTESIAN_POINT('',(95.6501269801941,3.,-5.7747875413172));
#2167=CARTESIAN_POINT('',(95.6501269801941,3.,-5.7747875413172));
#2168=CARTESIAN_POINT('',(95.6501269801941,0.,-5.7747875413172));
#2169=CARTESIAN_POINT('Origin',(109.650126980194,0.,-5.7747875413172));
#2170=CARTESIAN_POINT('',(109.650126980194,0.,-5.7747875413172));
#2171=CARTESIAN_POINT('',(109.650126980194,3.,-5.7747875413172));
#2172=CARTESIAN_POINT('Origin',(131.950126980194,0.,-76.7247875413172));
#2173=CARTESIAN_POINT('',(131.950126980194,0.,-76.7247875413172));
#2174=CARTESIAN_POINT('',(131.950126980194,0.,-64.1747875413172));
#2175=CARTESIAN_POINT('',(131.950126980194,0.,-76.7247875413172));
#2176=CARTESIAN_POINT('',(131.950126980194,3.,-64.1747875413172));
#2177=CARTESIAN_POINT('',(131.950126980194,0.,-64.1747875413172));
#2178=CARTESIAN_POINT('',(131.950126980194,3.,-76.7247875413172));
#2179=CARTESIAN_POINT('',(131.950126980194,3.,-76.7247875413172));
#2180=CARTESIAN_POINT('',(131.950126980194,0.,-76.7247875413172));
#2181=CARTESIAN_POINT('Origin',(93.4001269801941,0.,-76.7247875413172));
#2182=CARTESIAN_POINT('',(93.4001269801941,0.,-76.7247875413172));
#2183=CARTESIAN_POINT('',(93.4001269801941,0.,-76.7247875413172));
#2184=CARTESIAN_POINT('',(93.4001269801941,3.,-76.7247875413172));
#2185=CARTESIAN_POINT('',(93.4001269801941,3.,-76.7247875413172));
#2186=CARTESIAN_POINT('',(93.4001269801941,0.,-76.7247875413172));
#2187=CARTESIAN_POINT('Origin',(93.4001269801941,0.,-64.1747875413172));
#2188=CARTESIAN_POINT('',(93.4001269801941,0.,-64.1747875413172));
#2189=CARTESIAN_POINT('',(93.4001269801941,0.,-64.1747875413172));
#2190=CARTESIAN_POINT('',(93.4001269801941,3.,-64.1747875413172));
#2191=CARTESIAN_POINT('',(93.4001269801941,3.,-64.1747875413172));
#2192=CARTESIAN_POINT('',(93.4001269801941,0.,-64.1747875413172));
#2193=CARTESIAN_POINT('Origin',(131.950126980194,0.,-64.1747875413172));
#2194=CARTESIAN_POINT('',(131.950126980194,0.,-64.1747875413172));
#2195=CARTESIAN_POINT('',(131.950126980194,3.,-64.1747875413172));
#2196=CARTESIAN_POINT('Origin',(129.650126980194,0.,-59.5959989420176));
#2197=CARTESIAN_POINT('',(129.650126980194,0.,-59.5959989420176));
#2198=CARTESIAN_POINT('',(129.650126980194,0.,-45.5959989420176));
#2199=CARTESIAN_POINT('',(129.650126980194,0.,-59.5959989420176));
#2200=CARTESIAN_POINT('',(129.650126980194,3.,-45.5959989420176));
#2201=CARTESIAN_POINT('',(129.650126980194,0.,-45.5959989420176));
#2202=CARTESIAN_POINT('',(129.650126980194,3.,-59.5959989420176));
#2203=CARTESIAN_POINT('',(129.650126980194,3.,-59.5959989420176));
#2204=CARTESIAN_POINT('',(129.650126980194,0.,-59.5959989420176));
#2205=CARTESIAN_POINT('Origin',(115.650126980194,0.,-59.5959989420176));
#2206=CARTESIAN_POINT('',(115.650126980194,0.,-59.5959989420176));
#2207=CARTESIAN_POINT('',(115.650126980194,0.,-59.5959989420176));
#2208=CARTESIAN_POINT('',(115.650126980194,3.,-59.5959989420176));
#2209=CARTESIAN_POINT('',(115.650126980194,3.,-59.5959989420176));
#2210=CARTESIAN_POINT('',(115.650126980194,0.,-59.5959989420176));
#2211=CARTESIAN_POINT('Origin',(115.650126980194,0.,-45.5959989420176));
#2212=CARTESIAN_POINT('',(115.650126980194,0.,-45.5959989420176));
#2213=CARTESIAN_POINT('',(115.650126980194,0.,-45.5959989420176));
#2214=CARTESIAN_POINT('',(115.650126980194,3.,-45.5959989420176));
#2215=CARTESIAN_POINT('',(115.650126980194,3.,-45.5959989420176));
#2216=CARTESIAN_POINT('',(115.650126980194,0.,-45.5959989420176));
#2217=CARTESIAN_POINT('Origin',(129.650126980194,0.,-45.5959989420176));
#2218=CARTESIAN_POINT('',(129.650126980194,0.,-45.5959989420176));
#2219=CARTESIAN_POINT('',(129.650126980194,3.,-45.5959989420176));
#2220=CARTESIAN_POINT('Origin',(109.650126980194,0.,-59.7747875413172));
#2221=CARTESIAN_POINT('',(109.650126980194,0.,-59.7747875413172));
#2222=CARTESIAN_POINT('',(109.650126980194,0.,-45.7747875413172));
#2223=CARTESIAN_POINT('',(109.650126980194,0.,-59.7747875413172));
#2224=CARTESIAN_POINT('',(109.650126980194,3.,-45.7747875413172));
#2225=CARTESIAN_POINT('',(109.650126980194,0.,-45.7747875413172));
#2226=CARTESIAN_POINT('',(109.650126980194,3.,-59.7747875413172));
#2227=CARTESIAN_POINT('',(109.650126980194,3.,-59.7747875413172));
#2228=CARTESIAN_POINT('',(109.650126980194,0.,-59.7747875413172));
#2229=CARTESIAN_POINT('Origin',(95.6501269801941,0.,-59.7747875413172));
#2230=CARTESIAN_POINT('',(95.6501269801941,0.,-59.7747875413172));
#2231=CARTESIAN_POINT('',(95.6501269801941,0.,-59.7747875413172));
#2232=CARTESIAN_POINT('',(95.6501269801941,3.,-59.7747875413172));
#2233=CARTESIAN_POINT('',(95.6501269801941,3.,-59.7747875413172));
#2234=CARTESIAN_POINT('',(95.6501269801941,0.,-59.7747875413172));
#2235=CARTESIAN_POINT('Origin',(95.6501269801941,0.,-45.7747875413172));
#2236=CARTESIAN_POINT('',(95.6501269801941,0.,-45.7747875413172));
#2237=CARTESIAN_POINT('',(95.6501269801941,0.,-45.7747875413172));
#2238=CARTESIAN_POINT('',(95.6501269801941,3.,-45.7747875413172));
#2239=CARTESIAN_POINT('',(95.6501269801941,3.,-45.7747875413172));
#2240=CARTESIAN_POINT('',(95.6501269801941,0.,-45.7747875413172));
#2241=CARTESIAN_POINT('Origin',(109.650126980194,0.,-45.7747875413172));
#2242=CARTESIAN_POINT('',(109.650126980194,0.,-45.7747875413172));
#2243=CARTESIAN_POINT('',(109.650126980194,3.,-45.7747875413172));
#2244=CARTESIAN_POINT('Origin',(149.650126980194,0.,-19.5959986439943));
#2245=CARTESIAN_POINT('',(149.650126980194,0.,-19.5959986439943));
#2246=CARTESIAN_POINT('',(149.650126980194,0.,-5.59599864399434));
#2247=CARTESIAN_POINT('',(149.650126980194,0.,-19.5959986439943));
#2248=CARTESIAN_POINT('',(149.650126980194,3.,-5.59599864399434));
#2249=CARTESIAN_POINT('',(149.650126980194,0.,-5.59599864399434));
#2250=CARTESIAN_POINT('',(149.650126980194,3.,-19.5959986439943));
#2251=CARTESIAN_POINT('',(149.650126980194,3.,-19.5959986439943));
#2252=CARTESIAN_POINT('',(149.650126980194,0.,-19.5959986439943));
#2253=CARTESIAN_POINT('Origin',(135.650126980194,0.,-19.5959986439943));
#2254=CARTESIAN_POINT('',(135.650126980194,0.,-19.5959986439943));
#2255=CARTESIAN_POINT('',(135.650126980194,0.,-19.5959986439943));
#2256=CARTESIAN_POINT('',(135.650126980194,3.,-19.5959986439943));
#2257=CARTESIAN_POINT('',(135.650126980194,3.,-19.5959986439943));
#2258=CARTESIAN_POINT('',(135.650126980194,0.,-19.5959986439943));
#2259=CARTESIAN_POINT('Origin',(135.650126980194,0.,-5.59599864399434));
#2260=CARTESIAN_POINT('',(135.650126980194,0.,-5.59599864399434));
#2261=CARTESIAN_POINT('',(135.650126980194,0.,-5.59599864399434));
#2262=CARTESIAN_POINT('',(135.650126980194,3.,-5.59599864399434));
#2263=CARTESIAN_POINT('',(135.650126980194,3.,-5.59599864399434));
#2264=CARTESIAN_POINT('',(135.650126980194,0.,-5.59599864399434));
#2265=CARTESIAN_POINT('Origin',(149.650126980194,0.,-5.59599864399434));
#2266=CARTESIAN_POINT('',(149.650126980194,0.,-5.59599864399434));
#2267=CARTESIAN_POINT('',(149.650126980194,3.,-5.59599864399434));
#2268=CARTESIAN_POINT('Origin',(149.650126980194,0.,-59.5959989420176));
#2269=CARTESIAN_POINT('',(149.650126980194,0.,-59.5959989420176));
#2270=CARTESIAN_POINT('',(149.650126980194,0.,-45.5959989420176));
#2271=CARTESIAN_POINT('',(149.650126980194,0.,-59.5959989420176));
#2272=CARTESIAN_POINT('',(149.650126980194,3.,-45.5959989420176));
#2273=CARTESIAN_POINT('',(149.650126980194,0.,-45.5959989420176));
#2274=CARTESIAN_POINT('',(149.650126980194,3.,-59.5959989420176));
#2275=CARTESIAN_POINT('',(149.650126980194,3.,-59.5959989420176));
#2276=CARTESIAN_POINT('',(149.650126980194,0.,-59.5959989420176));
#2277=CARTESIAN_POINT('Origin',(135.650126980194,0.,-59.5959989420176));
#2278=CARTESIAN_POINT('',(135.650126980194,0.,-59.5959989420176));
#2279=CARTESIAN_POINT('',(135.650126980194,0.,-59.5959989420176));
#2280=CARTESIAN_POINT('',(135.650126980194,3.,-59.5959989420176));
#2281=CARTESIAN_POINT('',(135.650126980194,3.,-59.5959989420176));
#2282=CARTESIAN_POINT('',(135.650126980194,0.,-59.5959989420176));
#2283=CARTESIAN_POINT('Origin',(135.650126980194,0.,-45.5959989420176));
#2284=CARTESIAN_POINT('',(135.650126980194,0.,-45.5959989420176));
#2285=CARTESIAN_POINT('',(135.650126980194,0.,-45.5959989420176));
#2286=CARTESIAN_POINT('',(135.650126980194,3.,-45.5959989420176));
#2287=CARTESIAN_POINT('',(135.650126980194,3.,-45.5959989420176));
#2288=CARTESIAN_POINT('',(135.650126980194,0.,-45.5959989420176));
#2289=CARTESIAN_POINT('Origin',(149.650126980194,0.,-45.5959989420176));
#2290=CARTESIAN_POINT('',(149.650126980194,0.,-45.5959989420176));
#2291=CARTESIAN_POINT('',(149.650126980194,3.,-45.5959989420176));
#2292=CARTESIAN_POINT('Origin',(129.650126980194,0.,-19.5959989420176));
#2293=CARTESIAN_POINT('',(129.650126980194,0.,-19.5959989420176));
#2294=CARTESIAN_POINT('',(129.650126980194,0.,-5.59599894201757));
#2295=CARTESIAN_POINT('',(129.650126980194,0.,-19.5959989420176));
#2296=CARTESIAN_POINT('',(129.650126980194,3.,-5.59599894201757));
#2297=CARTESIAN_POINT('',(129.650126980194,0.,-5.59599894201757));
#2298=CARTESIAN_POINT('',(129.650126980194,3.,-19.5959989420176));
#2299=CARTESIAN_POINT('',(129.650126980194,3.,-19.5959989420176));
#2300=CARTESIAN_POINT('',(129.650126980194,0.,-19.5959989420176));
#2301=CARTESIAN_POINT('Origin',(115.650126980194,0.,-19.5959989420176));
#2302=CARTESIAN_POINT('',(115.650126980194,0.,-19.5959989420176));
#2303=CARTESIAN_POINT('',(115.650126980194,0.,-19.5959989420176));
#2304=CARTESIAN_POINT('',(115.650126980194,3.,-19.5959989420176));
#2305=CARTESIAN_POINT('',(115.650126980194,3.,-19.5959989420176));
#2306=CARTESIAN_POINT('',(115.650126980194,0.,-19.5959989420176));
#2307=CARTESIAN_POINT('Origin',(115.650126980194,0.,-5.59599894201757));
#2308=CARTESIAN_POINT('',(115.650126980194,0.,-5.59599894201757));
#2309=CARTESIAN_POINT('',(115.650126980194,0.,-5.59599894201757));
#2310=CARTESIAN_POINT('',(115.650126980194,3.,-5.59599894201757));
#2311=CARTESIAN_POINT('',(115.650126980194,3.,-5.59599894201757));
#2312=CARTESIAN_POINT('',(115.650126980194,0.,-5.59599894201757));
#2313=CARTESIAN_POINT('Origin',(129.650126980194,0.,-5.59599894201757));
#2314=CARTESIAN_POINT('',(129.650126980194,0.,-5.59599894201757));
#2315=CARTESIAN_POINT('',(129.650126980194,3.,-5.59599894201757));
#2316=CARTESIAN_POINT('Origin',(129.650126980194,0.,-39.5959989420176));
#2317=CARTESIAN_POINT('',(129.650126980194,0.,-39.5959989420176));
#2318=CARTESIAN_POINT('',(129.650126980194,0.,-25.5959989420176));
#2319=CARTESIAN_POINT('',(129.650126980194,0.,-39.5959989420176));
#2320=CARTESIAN_POINT('',(129.650126980194,3.,-25.5959989420176));
#2321=CARTESIAN_POINT('',(129.650126980194,0.,-25.5959989420176));
#2322=CARTESIAN_POINT('',(129.650126980194,3.,-39.5959989420176));
#2323=CARTESIAN_POINT('',(129.650126980194,3.,-39.5959989420176));
#2324=CARTESIAN_POINT('',(129.650126980194,0.,-39.5959989420176));
#2325=CARTESIAN_POINT('Origin',(115.650126980194,0.,-39.5959989420176));
#2326=CARTESIAN_POINT('',(115.650126980194,0.,-39.5959989420176));
#2327=CARTESIAN_POINT('',(115.650126980194,0.,-39.5959989420176));
#2328=CARTESIAN_POINT('',(115.650126980194,3.,-39.5959989420176));
#2329=CARTESIAN_POINT('',(115.650126980194,3.,-39.5959989420176));
#2330=CARTESIAN_POINT('',(115.650126980194,0.,-39.5959989420176));
#2331=CARTESIAN_POINT('Origin',(115.650126980194,0.,-25.5959989420176));
#2332=CARTESIAN_POINT('',(115.650126980194,0.,-25.5959989420176));
#2333=CARTESIAN_POINT('',(115.650126980194,0.,-25.5959989420176));
#2334=CARTESIAN_POINT('',(115.650126980194,3.,-25.5959989420176));
#2335=CARTESIAN_POINT('',(115.650126980194,3.,-25.5959989420176));
#2336=CARTESIAN_POINT('',(115.650126980194,0.,-25.5959989420176));
#2337=CARTESIAN_POINT('Origin',(129.650126980194,0.,-25.5959989420176));
#2338=CARTESIAN_POINT('',(129.650126980194,0.,-25.5959989420176));
#2339=CARTESIAN_POINT('',(129.650126980194,3.,-25.5959989420176));
#2340=CARTESIAN_POINT('Origin',(152.000126980194,0.,-77.8497875413172));
#2341=CARTESIAN_POINT('',(152.000126980194,0.,-77.8497875413172));
#2342=CARTESIAN_POINT('',(152.000126980194,0.,-63.5997875413172));
#2343=CARTESIAN_POINT('',(152.000126980194,0.,-77.8497875413172));
#2344=CARTESIAN_POINT('',(152.000126980194,3.,-63.5997875413172));
#2345=CARTESIAN_POINT('',(152.000126980194,0.,-63.5997875413172));
#2346=CARTESIAN_POINT('',(152.000126980194,3.,-77.8497875413172));
#2347=CARTESIAN_POINT('',(152.000126980194,3.,-77.8497875413172));
#2348=CARTESIAN_POINT('',(152.000126980194,0.,-77.8497875413172));
#2349=CARTESIAN_POINT('Origin',(134.450126980194,0.,-77.8497875413172));
#2350=CARTESIAN_POINT('',(134.450126980194,0.,-77.8497875413172));
#2351=CARTESIAN_POINT('',(134.450126980194,0.,-77.8497875413172));
#2352=CARTESIAN_POINT('',(134.450126980194,3.,-77.8497875413172));
#2353=CARTESIAN_POINT('',(134.450126980194,3.,-77.8497875413172));
#2354=CARTESIAN_POINT('',(134.450126980194,0.,-77.8497875413172));
#2355=CARTESIAN_POINT('Origin',(134.450126980194,0.,-63.5997875413172));
#2356=CARTESIAN_POINT('',(134.450126980194,0.,-63.5997875413172));
#2357=CARTESIAN_POINT('',(134.450126980194,0.,-63.5997875413172));
#2358=CARTESIAN_POINT('',(134.450126980194,3.,-63.5997875413172));
#2359=CARTESIAN_POINT('',(134.450126980194,3.,-63.5997875413172));
#2360=CARTESIAN_POINT('',(134.450126980194,0.,-63.5997875413172));
#2361=CARTESIAN_POINT('Origin',(152.000126980194,0.,-63.5997875413172));
#2362=CARTESIAN_POINT('',(152.000126980194,0.,-63.5997875413172));
#2363=CARTESIAN_POINT('',(152.000126980194,3.,-63.5997875413172));
#2364=CARTESIAN_POINT('Origin',(149.650126980194,0.,-39.5959986439943));
#2365=CARTESIAN_POINT('',(149.650126980194,0.,-39.5959986439943));
#2366=CARTESIAN_POINT('',(149.650126980194,0.,-25.5959986439943));
#2367=CARTESIAN_POINT('',(149.650126980194,0.,-39.5959986439943));
#2368=CARTESIAN_POINT('',(149.650126980194,3.,-25.5959986439943));
#2369=CARTESIAN_POINT('',(149.650126980194,0.,-25.5959986439943));
#2370=CARTESIAN_POINT('',(149.650126980194,3.,-39.5959986439943));
#2371=CARTESIAN_POINT('',(149.650126980194,3.,-39.5959986439943));
#2372=CARTESIAN_POINT('',(149.650126980194,0.,-39.5959986439943));
#2373=CARTESIAN_POINT('Origin',(135.650126980194,0.,-39.5959986439943));
#2374=CARTESIAN_POINT('',(135.650126980194,0.,-39.5959986439943));
#2375=CARTESIAN_POINT('',(135.650126980194,0.,-39.5959986439943));
#2376=CARTESIAN_POINT('',(135.650126980194,3.,-39.5959986439943));
#2377=CARTESIAN_POINT('',(135.650126980194,3.,-39.5959986439943));
#2378=CARTESIAN_POINT('',(135.650126980194,0.,-39.5959986439943));
#2379=CARTESIAN_POINT('Origin',(135.650126980194,0.,-25.5959986439943));
#2380=CARTESIAN_POINT('',(135.650126980194,0.,-25.5959986439943));
#2381=CARTESIAN_POINT('',(135.650126980194,0.,-25.5959986439943));
#2382=CARTESIAN_POINT('',(135.650126980194,3.,-25.5959986439943));
#2383=CARTESIAN_POINT('',(135.650126980194,3.,-25.5959986439943));
#2384=CARTESIAN_POINT('',(135.650126980194,0.,-25.5959986439943));
#2385=CARTESIAN_POINT('Origin',(149.650126980194,0.,-25.5959986439943));
#2386=CARTESIAN_POINT('',(149.650126980194,0.,-25.5959986439943));
#2387=CARTESIAN_POINT('',(149.650126980194,3.,-25.5959986439943));
#2388=CARTESIAN_POINT('Origin',(109.650126980194,0.,-39.7747875413172));
#2389=CARTESIAN_POINT('',(109.650126980194,0.,-39.7747875413172));
#2390=CARTESIAN_POINT('',(109.650126980194,0.,-25.7747875413172));
#2391=CARTESIAN_POINT('',(109.650126980194,0.,-39.7747875413172));
#2392=CARTESIAN_POINT('',(109.650126980194,3.,-25.7747875413172));
#2393=CARTESIAN_POINT('',(109.650126980194,0.,-25.7747875413172));
#2394=CARTESIAN_POINT('',(109.650126980194,3.,-39.7747875413172));
#2395=CARTESIAN_POINT('',(109.650126980194,3.,-39.7747875413172));
#2396=CARTESIAN_POINT('',(109.650126980194,0.,-39.7747875413172));
#2397=CARTESIAN_POINT('Origin',(95.6501269801941,0.,-39.7747875413172));
#2398=CARTESIAN_POINT('',(95.6501269801941,0.,-39.7747875413172));
#2399=CARTESIAN_POINT('',(95.6501269801941,0.,-39.7747875413172));
#2400=CARTESIAN_POINT('',(95.6501269801941,3.,-39.7747875413172));
#2401=CARTESIAN_POINT('',(95.6501269801941,3.,-39.7747875413172));
#2402=CARTESIAN_POINT('',(95.6501269801941,0.,-39.7747875413172));
#2403=CARTESIAN_POINT('Origin',(95.6501269801941,0.,-25.7747875413172));
#2404=CARTESIAN_POINT('',(95.6501269801941,0.,-25.7747875413172));
#2405=CARTESIAN_POINT('',(95.6501269801941,0.,-25.7747875413172));
#2406=CARTESIAN_POINT('',(95.6501269801941,3.,-25.7747875413172));
#2407=CARTESIAN_POINT('',(95.6501269801941,3.,-25.7747875413172));
#2408=CARTESIAN_POINT('',(95.6501269801941,0.,-25.7747875413172));
#2409=CARTESIAN_POINT('Origin',(109.650126980194,0.,-25.7747875413172));
#2410=CARTESIAN_POINT('',(109.650126980194,0.,-25.7747875413172));
#2411=CARTESIAN_POINT('',(109.650126980194,3.,-25.7747875413172));
#2412=CARTESIAN_POINT('Origin',(80.0001269801941,0.,-109.399787541317));
#2413=CARTESIAN_POINT('',(80.0001269801941,0.,10.0002124586828));
#2414=CARTESIAN_POINT('',(80.0001269801941,0.,-109.399787541317));
#2415=CARTESIAN_POINT('',(80.0001269801941,0.,10.0002124586828));
#2416=CARTESIAN_POINT('',(80.0001269801941,3.,10.0002124586828));
#2417=CARTESIAN_POINT('',(80.0001269801941,0.,10.0002124586828));
#2418=CARTESIAN_POINT('',(80.0001269801941,3.,-109.399787541317));
#2419=CARTESIAN_POINT('',(80.0001269801941,3.,10.0002124586828));
#2420=CARTESIAN_POINT('',(80.0001269801941,0.,-109.399787541317));
#2421=CARTESIAN_POINT('Origin',(165.400126980194,0.,-109.399787541317));
#2422=CARTESIAN_POINT('',(165.400126980194,0.,-109.399787541317));
#2423=CARTESIAN_POINT('',(80.0001269801941,0.,-109.399787541317));
#2424=CARTESIAN_POINT('',(165.400126980194,3.,-109.399787541317));
#2425=CARTESIAN_POINT('',(80.0001269801941,3.,-109.399787541317));
#2426=CARTESIAN_POINT('',(165.400126980194,0.,-109.399787541317));
#2427=CARTESIAN_POINT('Origin',(165.400126980194,0.,10.0002124586828));
#2428=CARTESIAN_POINT('',(165.400126980194,0.,10.0002124586828));
#2429=CARTESIAN_POINT('',(165.400126980194,0.,-109.399787541317));
#2430=CARTESIAN_POINT('',(165.400126980194,3.,10.0002124586828));
#2431=CARTESIAN_POINT('',(165.400126980194,3.,-109.399787541317));
#2432=CARTESIAN_POINT('',(165.400126980194,0.,10.0002124586828));
#2433=CARTESIAN_POINT('Origin',(80.0001269801941,0.,10.0002124586828));
#2434=CARTESIAN_POINT('',(165.400126980194,0.,10.0002124586828));
#2435=CARTESIAN_POINT('',(165.400126980194,3.,10.0002124586828));
#2436=CARTESIAN_POINT('Origin',(122.700126980194,3.,-49.6997875413172));
#2437=CARTESIAN_POINT('Origin',(122.700126980194,0.,-49.6997875413172));
#2438=CARTESIAN_POINT('Origin',(25.8057934071586,10.,-113.408060626785));
#2439=CARTESIAN_POINT('',(25.8057934071586,10.,-103.408060626785));
#2440=CARTESIAN_POINT('',(25.8057934071586,14.,-103.408060626785));
#2441=CARTESIAN_POINT('',(25.8057934071586,5.,-103.408060626785));
#2442=CARTESIAN_POINT('',(25.8057934071586,10.,-113.408060626785));
#2443=CARTESIAN_POINT('',(25.8057934071586,10.,-113.408060626785));
#2444=CARTESIAN_POINT('',(25.8057934071586,14.,-113.408060626785));
#2445=CARTESIAN_POINT('',(25.8057934071586,5.,-113.408060626785));
#2446=CARTESIAN_POINT('',(25.8057934071586,14.,-113.408060626785));
#2447=CARTESIAN_POINT('Origin',(25.8057934071586,14.,-113.408060626785));
#2448=CARTESIAN_POINT('',(35.3557934071586,14.,-103.408060626785));
#2449=CARTESIAN_POINT('',(11.2557934071586,14.,-103.408060626785));
#2450=CARTESIAN_POINT('',(35.3557934071586,14.,-113.408060626785));
#2451=CARTESIAN_POINT('',(48.9557934071586,14.,-113.408060626785));
#2452=CARTESIAN_POINT('',(35.3557934071586,14.,-113.408060626785));
#2453=CARTESIAN_POINT('Origin',(35.3557934071586,14.,-113.408060626785));
#2454=CARTESIAN_POINT('',(35.3557934071586,10.,-103.408060626785));
#2455=CARTESIAN_POINT('',(35.3557934071586,7.,-103.408060626785));
#2456=CARTESIAN_POINT('',(35.3557934071586,10.,-113.408060626785));
#2457=CARTESIAN_POINT('',(35.3557934071586,7.,-113.408060626785));
#2458=CARTESIAN_POINT('',(35.3557934071586,10.,-113.408060626785));
#2459=CARTESIAN_POINT('Origin',(35.3557934071586,10.,-113.408060626785));
#2460=CARTESIAN_POINT('',(16.0307934071586,10.,-103.408060626785));
#2461=CARTESIAN_POINT('',(53.7307934071586,10.,-113.408060626785));
#2462=CARTESIAN_POINT('Origin',(-8.29420659284143,0.,0.991939373215001));
#2463=CARTESIAN_POINT('',(-9.74420659284142,15.,0.991939373215001));
#2464=CARTESIAN_POINT('Origin',(-8.29420659284143,15.,0.991939373215001));
#2465=CARTESIAN_POINT('',(-9.74420659284143,0.,0.991939373215001));
#2466=CARTESIAN_POINT('',(-9.74420659284143,0.,0.991939373215001));
#2467=CARTESIAN_POINT('Origin',(-8.29420659284143,0.,0.991939373215001));
#2468=CARTESIAN_POINT('Origin',(67.1057934071586,0.,-108.408060626785));
#2469=CARTESIAN_POINT('',(65.6557934071586,15.,-108.408060626785));
#2470=CARTESIAN_POINT('Origin',(67.1057934071586,15.,-108.408060626785));
#2471=CARTESIAN_POINT('',(65.6557934071586,0.,-108.408060626785));
#2472=CARTESIAN_POINT('',(65.6557934071586,0.,-108.408060626785));
#2473=CARTESIAN_POINT('Origin',(67.1057934071586,0.,-108.408060626785));
#2474=CARTESIAN_POINT('Origin',(-8.29420659284143,0.,-108.408060626785));
#2475=CARTESIAN_POINT('',(-9.74420659284142,15.,-108.408060626785));
#2476=CARTESIAN_POINT('Origin',(-8.29420659284143,15.,-108.408060626785));
#2477=CARTESIAN_POINT('',(-9.74420659284143,0.,-108.408060626785));
#2478=CARTESIAN_POINT('',(-9.74420659284143,0.,-108.408060626785));
#2479=CARTESIAN_POINT('Origin',(-8.29420659284143,0.,-108.408060626785));
#2480=CARTESIAN_POINT('Origin',(67.1057934071586,0.,0.991939373215001));
#2481=CARTESIAN_POINT('',(65.6557934071586,15.,0.991939373215001));
#2482=CARTESIAN_POINT('Origin',(67.1057934071586,15.,0.991939373215001));
#2483=CARTESIAN_POINT('',(65.6557934071586,0.,0.991939373215001));
#2484=CARTESIAN_POINT('',(65.6557934071586,0.,0.991939373215001));
#2485=CARTESIAN_POINT('Origin',(67.1057934071586,0.,0.991939373215001));
#2486=CARTESIAN_POINT('Origin',(62.1057934071586,0.,-103.408060626785));
#2487=CARTESIAN_POINT('',(62.1057934071586,0.,-103.408060626785));
#2488=CARTESIAN_POINT('',(62.1057934071586,0.,-4.008060626785));
#2489=CARTESIAN_POINT('',(62.1057934071586,0.,-103.408060626785));
#2490=CARTESIAN_POINT('',(62.1057934071586,15.,-4.008060626785));
#2491=CARTESIAN_POINT('',(62.1057934071586,0.,-4.008060626785));
#2492=CARTESIAN_POINT('',(62.1057934071586,15.,-103.408060626785));
#2493=CARTESIAN_POINT('',(62.1057934071586,15.,-103.408060626785));
#2494=CARTESIAN_POINT('',(62.1057934071586,0.,-103.408060626785));
#2495=CARTESIAN_POINT('Origin',(-3.29420659284143,0.,-103.408060626785));
#2496=CARTESIAN_POINT('',(-3.29420659284143,0.,-103.408060626785));
#2497=CARTESIAN_POINT('',(-3.29420659284143,0.,-103.408060626785));
#2498=CARTESIAN_POINT('',(-3.29420659284143,15.,-103.408060626785));
#2499=CARTESIAN_POINT('',(-3.29420659284143,15.,-103.408060626785));
#2500=CARTESIAN_POINT('',(-3.29420659284143,0.,-103.408060626785));
#2501=CARTESIAN_POINT('Origin',(-3.29420659284143,0.,-4.008060626785));
#2502=CARTESIAN_POINT('',(-3.29420659284143,0.,-4.008060626785));
#2503=CARTESIAN_POINT('',(-3.29420659284143,0.,-4.008060626785));
#2504=CARTESIAN_POINT('',(-3.29420659284143,15.,-4.008060626785));
#2505=CARTESIAN_POINT('',(-3.29420659284143,15.,-4.008060626785));
#2506=CARTESIAN_POINT('',(-3.29420659284143,0.,-4.008060626785));
#2507=CARTESIAN_POINT('Origin',(62.1057934071586,0.,-4.008060626785));
#2508=CARTESIAN_POINT('',(62.1057934071586,0.,-4.008060626785));
#2509=CARTESIAN_POINT('',(62.1057934071586,15.,-4.008060626785));
#2510=CARTESIAN_POINT('Origin',(-13.2942065928414,0.,-113.408060626785));
#2511=CARTESIAN_POINT('',(-13.2942065928414,0.,5.991939373215));
#2512=CARTESIAN_POINT('',(-13.2942065928414,0.,-113.408060626785));
#2513=CARTESIAN_POINT('',(-13.2942065928414,0.,5.991939373215));
#2514=CARTESIAN_POINT('',(-13.2942065928414,15.,5.991939373215));
#2515=CARTESIAN_POINT('',(-13.2942065928414,0.,5.991939373215));
#2516=CARTESIAN_POINT('',(-13.2942065928414,15.,-113.408060626785));
#2517=CARTESIAN_POINT('',(-13.2942065928414,15.,5.991939373215));
#2518=CARTESIAN_POINT('',(-13.2942065928414,0.,-113.408060626785));
#2519=CARTESIAN_POINT('Origin',(72.1057934071586,0.,-113.408060626785));
#2520=CARTESIAN_POINT('',(72.1057934071586,0.,-113.408060626785));
#2521=CARTESIAN_POINT('',(-13.2942065928414,0.,-113.408060626785));
#2522=CARTESIAN_POINT('',(72.1057934071586,15.,-113.408060626785));
#2523=CARTESIAN_POINT('',(-13.2942065928414,15.,-113.408060626785));
#2524=CARTESIAN_POINT('',(72.1057934071586,0.,-113.408060626785));
#2525=CARTESIAN_POINT('Origin',(72.1057934071586,0.,5.991939373215));
#2526=CARTESIAN_POINT('',(72.1057934071586,0.,5.991939373215));
#2527=CARTESIAN_POINT('',(72.1057934071586,0.,-113.408060626785));
#2528=CARTESIAN_POINT('',(72.1057934071586,15.,5.991939373215));
#2529=CARTESIAN_POINT('',(72.1057934071586,15.,-113.408060626785));
#2530=CARTESIAN_POINT('',(72.1057934071586,0.,5.991939373215));
#2531=CARTESIAN_POINT('Origin',(-13.2942065928414,0.,5.991939373215));
#2532=CARTESIAN_POINT('',(72.1057934071586,0.,5.991939373215));
#2533=CARTESIAN_POINT('',(72.1057934071586,15.,5.991939373215));
#2534=CARTESIAN_POINT('Origin',(29.4057934071586,15.,-53.708060626785));
#2535=CARTESIAN_POINT('Origin',(29.4057934071586,0.,-53.708060626785));
#2536=CARTESIAN_POINT('Origin',(-3.29420659284143,0.,-103.408060626785));
#2537=CARTESIAN_POINT('',(-3.29420659284143,0.,-4.008060626785));
#2538=CARTESIAN_POINT('',(-3.29420659284143,0.,-103.408060626785));
#2539=CARTESIAN_POINT('',(-3.29420659284143,0.,-4.008060626785));
#2540=CARTESIAN_POINT('',(-3.29420659284143,3.,-4.008060626785));
#2541=CARTESIAN_POINT('',(-3.29420659284143,0.,-4.008060626785));
#2542=CARTESIAN_POINT('',(-3.29420659284143,3.,-103.408060626785));
#2543=CARTESIAN_POINT('',(-3.29420659284143,3.,-4.008060626785));
#2544=CARTESIAN_POINT('',(-3.29420659284143,0.,-103.408060626785));
#2545=CARTESIAN_POINT('Origin',(62.1057934071586,0.,-103.408060626785));
#2546=CARTESIAN_POINT('',(62.1057934071586,0.,-103.408060626785));
#2547=CARTESIAN_POINT('',(-3.29420659284143,0.,-103.408060626785));
#2548=CARTESIAN_POINT('',(62.1057934071586,3.,-103.408060626785));
#2549=CARTESIAN_POINT('',(-3.29420659284143,3.,-103.408060626785));
#2550=CARTESIAN_POINT('',(62.1057934071586,0.,-103.408060626785));
#2551=CARTESIAN_POINT('Origin',(62.1057934071586,0.,-4.008060626785));
#2552=CARTESIAN_POINT('',(62.1057934071586,0.,-4.008060626785));
#2553=CARTESIAN_POINT('',(62.1057934071586,0.,-103.408060626785));
#2554=CARTESIAN_POINT('',(62.1057934071586,3.,-4.008060626785));
#2555=CARTESIAN_POINT('',(62.1057934071586,3.,-103.408060626785));
#2556=CARTESIAN_POINT('',(62.1057934071586,0.,-4.008060626785));
#2557=CARTESIAN_POINT('Origin',(-3.29420659284143,0.,-4.008060626785));
#2558=CARTESIAN_POINT('',(62.1057934071586,0.,-4.008060626785));
#2559=CARTESIAN_POINT('',(62.1057934071586,3.,-4.008060626785));
#2560=CARTESIAN_POINT('Origin',(29.4057934071586,3.,-53.708060626785));
#2561=CARTESIAN_POINT('Origin',(29.4057934071586,0.,-53.708060626785));
#2562=UNCERTAINTY_MEASURE_WITH_UNIT(LENGTH_MEASURE(0.01),#2566,
'DISTANCE_ACCURACY_VALUE',
'Maximum model space distance between geometric entities at asserted c
onnectivities');
#2563=UNCERTAINTY_MEASURE_WITH_UNIT(LENGTH_MEASURE(0.01),#2566,
'DISTANCE_ACCURACY_VALUE',
'Maximum model space distance between geometric entities at asserted c
onnectivities');
#2564=(
GEOMETRIC_REPRESENTATION_CONTEXT(3)
GLOBAL_UNCERTAINTY_ASSIGNED_CONTEXT((#2562))
GLOBAL_UNIT_ASSIGNED_CONTEXT((#2566,#2568,#2569))
REPRESENTATION_CONTEXT('','3D')
);
#2565=(
GEOMETRIC_REPRESENTATION_CONTEXT(3)
GLOBAL_UNCERTAINTY_ASSIGNED_CONTEXT((#2563))
GLOBAL_UNIT_ASSIGNED_CONTEXT((#2566,#2568,#2569))
REPRESENTATION_CONTEXT('','3D')
);
#2566=(
LENGTH_UNIT()
NAMED_UNIT(*)
SI_UNIT(.MILLI.,.METRE.)
);
#2567=(
LENGTH_UNIT()
NAMED_UNIT(*)
SI_UNIT($,.METRE.)
);
#2568=(
NAMED_UNIT(*)
PLANE_ANGLE_UNIT()
SI_UNIT($,.RADIAN.)
);
#2569=(
NAMED_UNIT(*)
SI_UNIT($,.STERADIAN.)
SOLID_ANGLE_UNIT()
);
#2570=SHAPE_DEFINITION_REPRESENTATION(#2571,#2572);
#2571=PRODUCT_DEFINITION_SHAPE('',$,#2574);
#2572=SHAPE_REPRESENTATION('',(#1638),#2564);
#2573=PRODUCT_DEFINITION_CONTEXT('part definition',#2578,'design');
#2574=PRODUCT_DEFINITION('CASE','CASE v2',#2575,#2573);
#2575=PRODUCT_DEFINITION_FORMATION('',$,#2580);
#2576=PRODUCT_RELATED_PRODUCT_CATEGORY('CASE v2','CASE v2',(#2580));
#2577=APPLICATION_PROTOCOL_DEFINITION('international standard',
'automotive_design',2009,#2578);
#2578=APPLICATION_CONTEXT(
'Core Data for Automotive Mechanical Design Process');
#2579=PRODUCT_CONTEXT('part definition',#2578,'mechanical');
#2580=PRODUCT('CASE','CASE v2',$,(#2579));
#2581=PRESENTATION_STYLE_ASSIGNMENT((#2582));
#2582=SURFACE_STYLE_USAGE(.BOTH.,#2583);
#2583=SURFACE_SIDE_STYLE('',(#2584));
#2584=SURFACE_STYLE_FILL_AREA(#2585);
#2585=FILL_AREA_STYLE('Steel - Satin',(#2586));
#2586=FILL_AREA_STYLE_COLOUR('Steel - Satin',#2587);
#2587=COLOUR_RGB('Steel - Satin',0.627450980392157,0.627450980392157,0.627450980392157);
ENDSEC;
END-ISO-10303-21;
